{
  "display": {
    "icon": {
      "id": "minecraft:player_head",
      "components": {
        "profile": {
          "id": [
            -258220559,
            -434548866,
            -1620885784,
            1820151027
          ],
          "properties": [
            {
              "name": "textures",
              "value": "eyJ0ZXh0dXJlcyI6eyJTS0lOIjp7InVybCI6Imh0dHA6Ly90ZXh0dXJlcy5taW5lY3JhZnQubmV0L3RleHR1cmUvOTE2YjhlOTgzODljNTQxYmIzNjQ1Mzg1MGJjYmQxZjdiYzVhNTdkYTYyZGNjNTA1MDYwNDA5NzM3ZWM1YjcyYSJ9fX0="
            }
          ]
        },
        "minecraft:enchantment_glint_override": true
      }
    },
    "title": "Absolute Cinema",
    "description": "Defeat a Chicken Jockey in a Woodland Mansion",
    "frame": "challenge",
    "show_toast": true,
    "announce_to_chat": true,
    "hidden": false
  },
  "parent": "customs:nether_chicken_jocky",
  "criteria": {
    "chicken_jockey_in_mansion": {
      "trigger": "minecraft:player_killed_entity",
      "conditions": {
        "entity": {
          "type": "minecraft:zombie",
          "vehicle": {
            "type": "minecraft:chicken",
            "location": {
              "structures": "minecraft:mansion"
            }
          },
          "location": {}
        }
      }
    }
  },
  "requirements": [
    [
      "chicken_jockey_in_mansion"
    ]
  ],
  "rewards": {
    "experience": 200
  }
}