{
  "display": {
    "icon": {
      "id": "minecraft:netherite_upgrade_smithing_template"
    },
    "title": "Ancient Blueprint",
    "description": "Obtain a Netherite Upgrade Smithing Template.",
    "frame": "task",
    "show_toast": true,
    "announce_to_chat": true,
    "hidden": false
  },
  "parent": "customs:forgeinfire",
  "criteria": {
    "craft_ingot": {
      "trigger": "minecraft:inventory_changed",
      "conditions": {
        "recipe_id": "minecraft:netherite_ingot",
        "items": [
          {
            "items": "minecraft:netherite_upgrade_smithing_template",
            "count": {
              "min": 1,
              "max": 64
            }
          }
        ]
      }
    }
  },
  "rewards": {
    "experience": 50
  }
}