{
  "display": {
    "icon": {
      "id": "minecraft:shulker_spawn_egg"
    },
    "title": "AntiGravity Generator",
    "description": "Bring a Shulker along and enjoy some anti-gravity fun.",
    "frame": "challenge",
    "show_toast": true,
    "announce_to_chat": true,
    "hidden": false
  },
  "parent": "minecraft:end/levitate",
  "criteria": {
    "shulker_hurt_player": {
      "trigger": "minecraft:entity_hurt_player",
      "conditions": {
        "damage": {
          "blocked": false,
          "source_entity": {
            "type": "minecraft:shulker",
            "location": {
              "dimension": "overworld"
            }
          }
        }
      }
    }
  },
  "rewards": {
    "experience": 150
  }
}