{
  "display": {
    "icon": {
      "id": "minecraft:enchanted_golden_apple"
    },
    "title": "Apple of Power",
    "description": "The legendary golden fruit is yours.",
    "frame": "challenge",
    "show_toast": true,
    "announce_to_chat": true,
    "hidden": false
  },
  "parent": "customs:goldenbite",
  "criteria": {
    "goldenapple": {
      "trigger": "minecraft:inventory_changed",
      "conditions": {
        "items": [
          {
            "items": "minecraft:enchanted_golden_apple",
            "count": {
              "min": 1,
              "max": 64
            }
          }
        ]
      }
    }
  },
  "rewards": {
    "experience": 100
  }
}