{
  "display": {
    "icon": {
      "id": "minecraft:wolf_armor"
    },
    "title": "Armored Wolf",
    "description": "Equip a wolf with a wolf armor.",
    "frame": "task",
    "show_toast": true,
    "announce_to_chat": true,
    "hidden": false
  },
  "parent": "minecraft:husbandry/brush_armadillo",
  "criteria": {
    "equip_wolf_armor": {
      "trigger": "minecraft:player_interacted_with_entity",
      "conditions": {
        "item": {
          "items": [
            "minecraft:wolf_armor"
          ]
        },
        "entity": {
          "condition": "minecraft:entity_properties",
          "predicate": {
            "type": "minecraft:wolf"
          },
          "entity": "this"
        }
      }
    }
  },
  "rewards": {
    "experience": 50
  }
}