{
  "display": {
    "icon": {
      "id": "minecraft:conduit"
    },
    "title": "Beacon of the Depths",
    "description": "Activate the power of the conduit",
    "frame": "challenge",
    "show_toast": true,
    "announce_to_chat": true,
    "hidden": false
  },
  "parent": "minecraft:adventure/heart_transplanter",
  "criteria": {
    "conduit_power": {
      "trigger": "minecraft:effects_changed",
      "conditions": {
        "effects": {
          "minecraft:conduit_power": {}
        },
        "player": [
          {
            "condition": "minecraft:inverted",
            "term": {
              "condition": "minecraft:entity_properties",
              "entity": "this",
              "predicate": {
                "type_specific": {
                  "type": "player",
                  "gamemode": [
                    "spectator"
                  ]
                }
              }
            }
          }
        ]
      }
    }
  },
  "rewards": {
    "experience": 150
  }
}