{
  "display": {
    "icon": {
      "id": "minecraft:lead"
    },
    "title": "Beeloon",
    "description": "Tie a bee to a lead.",
    "show_toast": true,
    "announce_to_chat": true,
    "frame": "task",
    "hidden": false
  },
  "parent": "minecraft:husbandry/silk_touch_nest",
  "criteria": {
    "lead": {
      "trigger": "minecraft:player_interacted_with_entity",
      "conditions": {
        "item": {
          "items": [
            "minecraft:lead"
          ]
        },
        "entity": [
          {
            "condition": "minecraft:entity_properties",
            "entity": "this",
            "predicate": {
              "type": "minecraft:bee"
            }
          }
        ]
      }
    }
  },
  "rewards": {
    "experience": 50
  }
}