{
  "display": {
    "icon": {
      "id": "minecraft:copper_golem_statue"
    },
    "title": "Beep Bop",
    "description": "Build a Copper Golem",
    "frame": "task",
    "show_toast": true,
    "announce_to_chat": true,
    "hidden": false
  },
  "parent": "minecraft:husbandry/root",
  "criteria": {
    "summoned": {
      "trigger": "minecraft:summoned_entity",
      "conditions": {
        "entity": {
          "type": "minecraft:copper_golem"
        }
      }
    }
  },
  "rewards": {
    "experience": 50
  }
}