{
  "parent": "minecraft:adventure/root",
  "display": {
    "icon": {
      "id": "minecraft:tnt"
    },
    "title": "Boom Maker",
    "description": "Boom! You made TNT.",
    "frame": "task",
    "show_toast": true,
    "announce_to_chat": true,
    "hidden": false
  },
  "criteria": {
    "crafted_tnt": {
      "trigger": "minecraft:recipe_crafted",
      "conditions": {
        "recipe": "minecraft:tnt",
        "recipe_id": "minecraft:tnt"
      }
    }
  },
  "requirements": [
    [
      "crafted_tnt"
    ]
  ],
  "rewards": {
    "experience": 50
  }
}