{
  "display": {
    "icon": {
      "id": "minecraft:shulker_shell"
    },
    "title": "Box Breaker",
    "description": "Defeat a Shulker.",
    "frame": "task",
    "show_toast": true,
    "announce_to_chat": true,
    "hidden": false
  },
  "parent": "minecraft:end/find_end_city",
  "criteria": {
    "shulker": {
      "trigger": "minecraft:player_killed_entity",
      "conditions": {
        "entity": {
          "type": "shulker"
        }
      }
    }
  },
  "rewards": {
    "experience": 50
  }
}