{
  "display": {
    "icon": {
      "id": "minecraft:wither_skeleton_skull"
    },
    "title": "Camouflage",
    "description": "Kill a mob while wearing the same type of mob head",
    "frame": "challenge",
    "show_toast": true,
    "announce_to_chat": true,
    "hidden": false
  },
  "parent": "customs:strike_in_darkness",
  "criteria": {
    "creeper": {
      "trigger": "minecraft:player_killed_entity",
      "conditions": {
        "entity": {
          "type": "creeper"
        },
        "killing_blow": {
          "source_entity": {
            "equipment": {
              "head": {
                "items": [
                  "minecraft:creeper_head"
                ]
              }
            }
          }
        }
      }
    },
    "zombie": {
      "trigger": "minecraft:player_killed_entity",
      "conditions": {
        "entity": {
          "type": "zombie"
        },
        "killing_blow": {
          "source_entity": {
            "equipment": {
              "head": {
                "items": [
                  "minecraft:zombie_head"
                ]
              }
            }
          }
        }
      }
    },
    "skeleton": {
      "trigger": "minecraft:player_killed_entity",
      "conditions": {
        "entity": {
          "type": "skeleton"
        },
        "killing_blow": {
          "source_entity": {
            "equipment": {
              "head": {
                "items": [
                  "minecraft:skeleton_skull"
                ]
              }
            }
          }
        }
      }
    },
    "wither_skeleton": {
      "trigger": "minecraft:player_killed_entity",
      "conditions": {
        "entity": {
          "type": "wither_skeleton"
        },
        "killing_blow": {
          "source_entity": {
            "equipment": {
              "head": {
                "items": [
                  "minecraft:wither_skeleton_skull"
                ]
              }
            }
          }
        }
      }
    },
    "piglin": {
      "trigger": "minecraft:player_killed_entity",
      "conditions": {
        "entity": {
          "type": "piglin"
        },
        "killing_blow": {
          "source_entity": {
            "equipment": {
              "head": {
                "items": [
                  "minecraft:piglin_head"
                ]
              }
            }
          }
        }
      }
    }
  },
  "requirements": [
    [
      "creeper",
      "zombie",
      "skeleton",
      "wither_skeleton",
      "piglin"
    ]
  ],
  "rewards": {
    "experience": 100
  }
}