{
  "display": {
    "icon": {
      "id": "minecraft:player_head",
      "components": {
        "profile": {
          "id": [
            -258220559,
            -434548866,
            -1620885784,
            1820151027
          ],
          "properties": [
            {
              "name": "textures",
              "value": "eyJ0ZXh0dXJlcyI6eyJTS0lOIjp7InVybCI6Imh0dHA6Ly90ZXh0dXJlcy5taW5lY3JhZnQubmV0L3RleHR1cmUvOTE2YjhlOTgzODljNTQxYmIzNjQ1Mzg1MGJjYmQxZjdiYzVhNTdkYTYyZGNjNTA1MDYwNDA5NzM3ZWM1YjcyYSJ9fX0="
            }
          ]
        }
      }
    },
    "title": "Chicken Jockey!!!",
    "description": "Show the Chicken Jockey who’s boss.",
    "frame": "challenge",
    "show_toast": true,
    "announce_to_chat": true,
    "hidden": false
  },
  "parent": "minecraft:adventure/kill_a_mob",
  "criteria": {
    "kill_zombie_on_chicken": {
      "trigger": "minecraft:player_killed_entity",
      "conditions": {
        "entity": {
          "type": "minecraft:zombie",
          "vehicle": {
            "type": "minecraft:chicken"
          }
        }
      }
    }
  },
  "requirements": [
    [
      "kill_zombie_on_chicken"
    ]
  ],
  "rewards": {
    "experience": 100
  }
}