{
  "display": {
    "icon": {
      "id": "minecraft:flint_and_steel"
    },
    "title": "Controlled Explosion",
    "description": "Set a Creeper ablaze and watch it go boom.",
    "frame": "task",
    "show_toast": true,
    "announce_to_chat": true,
    "hidden": false
  },
  "parent": "customs:boommaker",
  "criteria": {
    "controlled_detonation": {
      "trigger": "minecraft:player_interacted_with_entity",
      "conditions": {
        "item": {
          "items": "#minecraft:creeper_igniters"
        },
        "entity": [
          {
            "condition": "minecraft:entity_properties",
            "entity": "this",
            "predicate": {
              "type": "minecraft:creeper"
            }
          }
        ]
      }
    }
  },
  "rewards": {
    "experience": 50
  }
}