{
  "display": {
    "icon": {
      "id": "minecraft:flint_and_steel",
      "components": {
        "minecraft:enchantment_glint_override": false
      }
    },
    "title": "Creeper Effect Bomb",
    "description": "Take down a Creeper while it has any possible magical effect.",
    "frame": "challenge",
    "show_toast": true,
    "announce_to_chat": true,
    "hidden": false
  },
  "parent": "customs:revenge",
  "criteria": {
    "speed": {
      "trigger": "minecraft:player_interacted_with_entity",
      "conditions": {
        "item": {
          "items": [
            "minecraft:flint_and_steel"
          ]
        },
        "entity": [
          {
            "condition": "minecraft:entity_properties",
            "entity": "this",
            "predicate": {
              "type": "minecraft:creeper",
              "effects": {
                "minecraft:speed": {}
              }
            }
          }
        ]
      }
    },
    "slowness": {
      "trigger": "minecraft:player_interacted_with_entity",
      "conditions": {
        "item": {
          "items": [
            "minecraft:flint_and_steel"
          ]
        },
        "entity": [
          {
            "condition": "minecraft:entity_properties",
            "entity": "this",
            "predicate": {
              "type": "minecraft:creeper",
              "effects": {
                "minecraft:slowness": {}
              }
            }
          }
        ]
      }
    },
    "strength": {
      "trigger": "minecraft:player_interacted_with_entity",
      "conditions": {
        "item": {
          "items": [
            "minecraft:flint_and_steel"
          ]
        },
        "entity": [
          {
            "condition": "minecraft:entity_properties",
            "entity": "this",
            "predicate": {
              "type": "minecraft:creeper",
              "effects": {
                "minecraft:strength": {}
              }
            }
          }
        ]
      }
    },
    "weakness": {
      "trigger": "minecraft:player_interacted_with_entity",
      "conditions": {
        "item": {
          "items": [
            "minecraft:flint_and_steel"
          ]
        },
        "entity": [
          {
            "condition": "minecraft:entity_properties",
            "entity": "this",
            "predicate": {
              "type": "minecraft:creeper",
              "effects": {
                "minecraft:weakness": {}
              }
            }
          }
        ]
      }
    },
    "jump_boost": {
      "trigger": "minecraft:player_interacted_with_entity",
      "conditions": {
        "item": {
          "items": [
            "minecraft:flint_and_steel"
          ]
        },
        "entity": [
          {
            "condition": "minecraft:entity_properties",
            "entity": "this",
            "predicate": {
              "type": "minecraft:creeper",
              "effects": {
                "minecraft:jump_boost": {}
              }
            }
          }
        ]
      }
    },
    "regeneration": {
      "trigger": "minecraft:player_interacted_with_entity",
      "conditions": {
        "item": {
          "items": [
            "minecraft:flint_and_steel"
          ]
        },
        "entity": [
          {
            "condition": "minecraft:entity_properties",
            "entity": "this",
            "predicate": {
              "type": "minecraft:creeper",
              "effects": {
                "minecraft:regeneration": {}
              }
            }
          }
        ]
      }
    },
    "resistance": {
      "trigger": "minecraft:player_interacted_with_entity",
      "conditions": {
        "item": {
          "items": [
            "minecraft:flint_and_steel"
          ]
        },
        "entity": [
          {
            "condition": "minecraft:entity_properties",
            "entity": "this",
            "predicate": {
              "type": "minecraft:creeper",
              "effects": {
                "minecraft:resistance": {}
              }
            }
          }
        ]
      }
    },
    "fire_resistance": {
      "trigger": "minecraft:player_interacted_with_entity",
      "conditions": {
        "item": {
          "items": [
            "minecraft:flint_and_steel"
          ]
        },
        "entity": [
          {
            "condition": "minecraft:entity_properties",
            "entity": "this",
            "predicate": {
              "type": "minecraft:creeper",
              "effects": {
                "minecraft:fire_resistance": {}
              }
            }
          }
        ]
      }
    },
    "water_breathing": {
      "trigger": "minecraft:player_interacted_with_entity",
      "conditions": {
        "item": {
          "items": [
            "minecraft:flint_and_steel"
          ]
        },
        "entity": [
          {
            "condition": "minecraft:entity_properties",
            "entity": "this",
            "predicate": {
              "type": "minecraft:creeper",
              "effects": {
                "minecraft:water_breathing": {}
              }
            }
          }
        ]
      }
    },
    "invisibility": {
      "trigger": "minecraft:player_interacted_with_entity",
      "conditions": {
        "item": {
          "items": [
            "minecraft:flint_and_steel"
          ]
        },
        "entity": [
          {
            "condition": "minecraft:entity_properties",
            "entity": "this",
            "predicate": {
              "type": "minecraft:creeper",
              "effects": {
                "minecraft:invisibility": {}
              }
            }
          }
        ]
      }
    },
    "night_vision": {
      "trigger": "minecraft:player_interacted_with_entity",
      "conditions": {
        "item": {
          "items": [
            "minecraft:flint_and_steel"
          ]
        },
        "entity": [
          {
            "condition": "minecraft:entity_properties",
            "entity": "this",
            "predicate": {
              "type": "minecraft:creeper",
              "effects": {
                "minecraft:night_vision": {}
              }
            }
          }
        ]
      }
    },
    "poison": {
      "trigger": "minecraft:player_interacted_with_entity",
      "conditions": {
        "item": {
          "items": [
            "minecraft:flint_and_steel"
          ]
        },
        "entity": [
          {
            "condition": "minecraft:entity_properties",
            "entity": "this",
            "predicate": {
              "type": "minecraft:creeper",
              "effects": {
                "minecraft:poison": {}
              }
            }
          }
        ]
      }
    },
    "wither": {
      "trigger": "minecraft:player_interacted_with_entity",
      "conditions": {
        "item": {
          "items": [
            "minecraft:flint_and_steel"
          ]
        },
        "entity": [
          {
            "condition": "minecraft:entity_properties",
            "entity": "this",
            "predicate": {
              "type": "minecraft:creeper",
              "effects": {
                "minecraft:wither": {}
              }
            }
          }
        ]
      }
    },
    "glowing": {
      "trigger": "minecraft:player_interacted_with_entity",
      "conditions": {
        "item": {
          "items": [
            "minecraft:flint_and_steel"
          ]
        },
        "entity": [
          {
            "condition": "minecraft:entity_properties",
            "entity": "this",
            "predicate": {
              "type": "minecraft:creeper",
              "effects": {
                "minecraft:glowing": {}
              }
            }
          }
        ]
      }
    },
    "levitation": {
      "trigger": "minecraft:player_interacted_with_entity",
      "conditions": {
        "item": {
          "items": [
            "minecraft:flint_and_steel"
          ]
        },
        "entity": [
          {
            "condition": "minecraft:entity_properties",
            "entity": "this",
            "predicate": {
              "type": "minecraft:creeper",
              "effects": {
                "minecraft:levitation": {}
              }
            }
          }
        ]
      }
    },
    "slow_falling": {
      "trigger": "minecraft:player_interacted_with_entity",
      "conditions": {
        "item": {
          "items": [
            "minecraft:flint_and_steel"
          ]
        },
        "entity": [
          {
            "condition": "minecraft:entity_properties",
            "entity": "this",
            "predicate": {
              "type": "minecraft:creeper",
              "effects": {
                "minecraft:slow_falling": {}
              }
            }
          }
        ]
      }
    },
    "oozing": {
      "trigger": "minecraft:player_interacted_with_entity",
      "conditions": {
        "item": {
          "items": [
            "minecraft:flint_and_steel"
          ]
        },
        "entity": [
          {
            "condition": "minecraft:entity_properties",
            "entity": "this",
            "predicate": {
              "type": "minecraft:creeper",
              "effects": {
                "minecraft:oozing": {}
              }
            }
          }
        ]
      }
    },
    "weaving": {
      "trigger": "minecraft:player_interacted_with_entity",
      "conditions": {
        "item": {
          "items": [
            "minecraft:flint_and_steel"
          ]
        },
        "entity": [
          {
            "condition": "minecraft:entity_properties",
            "entity": "this",
            "predicate": {
              "type": "minecraft:creeper",
              "effects": {
                "minecraft:weaving": {}
              }
            }
          }
        ]
      }
    },
    "infested": {
      "trigger": "minecraft:player_interacted_with_entity",
      "conditions": {
        "item": {
          "items": [
            "minecraft:flint_and_steel"
          ]
        },
        "entity": [
          {
            "condition": "minecraft:entity_properties",
            "entity": "this",
            "predicate": {
              "type": "minecraft:creeper",
              "effects": {
                "minecraft:infested": {}
              }
            }
          }
        ]
      }
    },
    "wind_charged": {
      "trigger": "minecraft:player_interacted_with_entity",
      "conditions": {
        "item": {
          "items": [
            "minecraft:flint_and_steel"
          ]
        },
        "entity": [
          {
            "condition": "minecraft:entity_properties",
            "entity": "this",
            "predicate": {
              "type": "minecraft:creeper",
              "effects": {
                "minecraft:wind_charged": {}
              }
            }
          }
        ]
      }
    }
  },
  "requirements": [
    [
      "speed",
      "slowness",
      "strength",
      "weakness",
      "jump_boost",
      "regeneration",
      "resistance",
      "fire_resistance",
      "water_breathing",
      "invisibility",
      "night_vision",
      "poison",
      "wither",
      "glowing",
      "levitation",
      "slow_falling",
      "oozing",
      "weaving",
      "infested",
      "wind_charged"
    ]
  ],
  "rewards": {
    "experience": 100
  }
}