{
  "display": {
    "icon": {
      "id": "minecraft:splash_potion",
      "components": {
        "minecraft:potion_contents": "minecraft:strong_harming"
      }
    },
    "title": "Dead by Magic",
    "description": "Slay a mob using the power of a potion.",
    "frame": "challenge",
    "show_toast": true,
    "announce_to_chat": true,
    "hidden": false
  },
  "parent": "customs:diamond_nemesis",
  "criteria": {
    "kill_magic": {
      "trigger": "minecraft:player_killed_entity",
      "conditions": {
        "killing_blow": {
          "direct_entity": {
            "type": "minecraft:splash_potion"
          }
        }
      }
    }
  },
  "rewards": {
    "experience": 100
  }
}