{
  "display": {
    "icon": {
      "id": "minecraft:diamond_helmet"
    },
    "title": "Diamond Nemesis",
    "description": "Only the fully armored survive defeat a zombie with full Diamond gear and a Diamond sword.",
    "frame": "challenge",
    "show_toast": true,
    "announce_to_chat": true,
    "hidden": false
  },
  "parent": "minecraft:adventure/kill_a_mob",
  "criteria": {
    "zombie": {
      "trigger": "minecraft:player_killed_entity",
      "conditions": {
        "entity": {
          "type": "zombie",
          "equipment": {
            "head": {
              "items": [
                "minecraft:diamond_helmet"
              ]
            },
            "chest": {
              "items": [
                "minecraft:diamond_chestplate"
              ]
            },
            "legs": {
              "items": [
                "minecraft:diamond_leggings"
              ]
            },
            "feet": {
              "items": [
                "minecraft:diamond_boots"
              ]
            },
            "mainhand": {
              "items": [
                "minecraft:diamond_sword"
              ]
            }
          }
        }
      }
    }
  },
  "rewards": {
    "experience": 100
  }
}