{
  "display": {
    "icon": {
      "id": "minecraft:name_tag"
    },
    "title": "Flipped Out",
    "description": "Everything looks better upside down.",
    "frame": "challenge",
    "show_toast": true,
    "announce_to_chat": true,
    "hidden": false
  },
  "parent": "customs:toast",
  "criteria": {
    "dinnerbone": {
      "trigger": "minecraft:player_interacted_with_entity",
      "conditions": {
        "item": {
          "items": [
            "minecraft:name_tag"
          ],
          "components": {
            "minecraft:custom_name": "Dinnerbone"
          }
        }
      }
    },
    "grumm": {
      "trigger": "minecraft:player_interacted_with_entity",
      "conditions": {
        "item": {
          "items": [
            "minecraft:name_tag"
          ],
          "components": {
            "minecraft:custom_name": "Grumm"
          }
        }
      }
    }
  },
  "requirements": [
    [
      "dinnerbone",
      "grumm"
    ]
  ],
  "rewards": {
    "experience": 80
  }
}