{
  "display": {
    "icon": {
      "id": "minecraft:goat_horn",
      "components": {
        "minecraft:enchantment_glint_override": true
      }
    },
    "title": "Echoes of the Deep",
    "description": "Blow a Goat Horn in the Ancient City… but beware, the Warden might notice.",
    "frame": "task",
    "show_toast": true,
    "announce_to_chat": true,
    "hidden": false
  },
  "parent": "customs:false_warning",
  "criteria": {
    "seek_goat_horn": {
      "trigger": "minecraft:using_item",
      "conditions": {
        "player": {
          "location": {
            "structures": "minecraft:ancient_city"
          }
        },
        "item": {
          "items": "minecraft:goat_horn"
        }
      }
    }
  },
  "rewards": {
    "experience": 50
  }
}