{
  "display": {
    "icon": {
      "id": "minecraft:blue_dye"
    },
    "title": "Exotic Explorer",
    "description": "Trade with a Wandering Trader for the first time.",
    "frame": "task",
    "show_toast": true,
    "announce_to_chat": true,
    "hidden": false
  },
  "parent": "customs:welcome_to_the_neighborhood",
  "criteria": {
    "trade": {
      "trigger": "minecraft:villager_trade",
      "conditions": {
        "villager": {
          "type": "wandering_trader"
        }
      }
    }
  },
  "rewards": {
    "experience": 50
  }
}