{
  "display": {
    "icon": {
      "id": "minecraft:flint_and_steel",
      "components": {
        "minecraft:enchantment_glint_override": true
      }
    },
    "title": "Extreme Creeper Effect Bomb",
    "description": "Take down a Creeper while it has all possible magical effects.",
    "frame": "challenge",
    "show_toast": true,
    "announce_to_chat": true,
    "hidden": false
  },
  "parent": "customs:creeper_effect_bomb",
  "criteria": {
    "all_effects": {
      "trigger": "minecraft:player_interacted_with_entity",
      "conditions": {
        "item": {
          "items": [
            "minecraft:flint_and_steel"
          ]
        },
        "entity": [
          {
            "condition": "minecraft:entity_properties",
            "entity": "this",
            "predicate": {
              "type": "minecraft:creeper",
              "effects": {
                "minecraft:speed": {},
                "minecraft:slowness": {},
                "minecraft:strength": {},
                "minecraft:weakness": {},
                "minecraft:jump_boost": {},
                "minecraft:regeneration": {},
                "minecraft:resistance": {},
                "minecraft:fire_resistance": {},
                "minecraft:water_breathing": {},
                "minecraft:invisibility": {},
                "minecraft:night_vision": {},
                "minecraft:poison": {},
                "minecraft:wither": {},
                "minecraft:glowing": {},
                "minecraft:levitation": {},
                "minecraft:slow_falling": {},
                "minecraft:oozing": {},
                "minecraft:weaving": {},
                "minecraft:infested": {},
                "minecraft:wind_charged": {}
              }
            }
          }
        ]
      }
    }
  },
  "requirements": [
    [
      "all_effects"
    ]
  ],
  "rewards": {
    "experience": 200
  }
}