{
  "display": {
    "icon": {
      "id": "minecraft:slime_block"
    },
    "title": "Extreme Bounce",
    "description": "Drop from build height and land on a slime block at Y ≤ 64 to save your life.",
    "frame": "challenge",
    "show_toast": true,
    "announce_to_chat": true,
    "hidden": false
  },
  "parent": "minecraft:adventure/root",
  "criteria": {
    "slime_block": {
      "trigger": "minecraft:fall_from_height",
      "conditions": {
        "player": [
          {
            "condition": "minecraft:entity_properties",
            "predicate": {
              "stepping_on": {
                "block": {
                  "blocks": [
                    "minecraft:slime_block"
                  ]
                }
              }
            },
            "entity": "this"
          }
        ],
        "distance": {
          "y": {
            "min": 255
          }
        }
      }
    }
  },
  "rewards": {
    "experience": 100
  }
}