{
  "parent": "customs:sculk_alarm",
  "criteria": {
    "found_ancient_city": {
      "trigger": "minecraft:location",
      "conditions": {
        "player": {
          "location": {
            "structures": "minecraft:ancient_city"
          }
        }
      }
    }
  },
  "display": {
    "icon": {
      "id": "minecraft:sculk_catalyst"
    },
    "title": "Fallen Kingdom",
    "description": "Discover an Ancient City in the Deep Dark.",
    "frame": "task",
    "show_toast": true,
    "announce_to_chat": true,
    "hidden": false
  },
  "requirements": [
    [
      "found_ancient_city"
    ]
  ],
  "rewards": {
    "experience": 50
  }
}