{
  "display": {
    "icon": {
      "id": "minecraft:goat_horn",
      "components": {
        "minecraft:enchantment_glint_override": true
      }
    },
    "title": "False Warning",
    "description": "Blow the SEEK horn in the village… but nothing is actually coming.",
    "frame": "task",
    "show_toast": true,
    "announce_to_chat": true,
    "hidden": false
  },
  "parent": "customs:ram",
  "criteria": {
    "seek_goat_horn": {
      "trigger": "minecraft:using_item",
      "conditions": {
        "player": {
          "location": {
            "structures": "#minecraft:village"
          }
        },
        "item": {
          "items": "minecraft:goat_horn",
          "components": {
            "minecraft:instrument": "minecraft:seek_goat_horn"
          }
        }
      }
    }
  },
  "rewards": {
    "experience": 50
  }
}