{
  "display": {
    "icon": {
      "id": "minecraft:netherite_ingot"
    },
    "title": "Forged in Fire",
    "description": "Craft a Netherite Ingot by combining gold and ancient debris.",
    "frame": "task",
    "show_toast": true,
    "announce_to_chat": true,
    "hidden": false
  },
  "parent": "minecraft:nether/obtain_ancient_debris",
  "criteria": {
    "craft_ingot": {
      "trigger": "minecraft:recipe_crafted",
      "conditions": {
        "recipe_id": "minecraft:netherite_ingot"
      }
    }
  },
  "rewards": {
    "experience": 50
  }
}