{
  "display": {
    "icon": {
      "id": "minecraft:ice"
    },
    "title": "Frozen in Hell",
    "description": "Freeze where fire usually reigns.",
    "frame": "task",
    "show_toast": true,
    "announce_to_chat": true
  },
  "parent": "customs:hottubhero",
  "criteria": {
    "nether_freeze": {
      "trigger": "minecraft:enter_block",
      "conditions": {
        "block": "minecraft:powder_snow",
        "player": [
          {
            "condition": "minecraft:entity_properties",
            "entity": "this",
            "predicate": {
              "location": {
                "dimension": "the_nether"
              },
              "nbt": "{TicksFrozen:140}"
            }
          }
        ]
      }
    }
  },
  "rewards": {
    "experience": 75
  }
}