{
  "display": {
    "icon": {
      "id": "minecraft:white_harness"
    },
    "title": "Ghost Rider",
    "description": "Mount a Happy Ghast and explore the skies.",
    "frame": "task",
    "show_toast": true,
    "announce_to_chat": true,
    "hidden": false
  },
  "parent": "minecraft:husbandry/place_dried_ghast_in_water",
  "criteria": {
    "happy_ghast": {
      "trigger": "minecraft:started_riding",
      "conditions": {
        "player": [
          {
            "condition": "minecraft:entity_properties",
            "entity": "this",
            "predicate": {
              "vehicle": {
                "type": "minecraft:happy_ghast"
              }
            }
          }
        ]
      }
    }
  },
  "rewards": {
    "experience": 50
  }
}