{
  "display": {
    "icon": {
      "id": "minecraft:trident"
    },
    "title": "God of Thunder",
    "description": "Craft and name your Trident Mjolnir with Loyalty and Channeling.",
    "frame": "challenge",
    "show_toast": true,
    "announce_to_chat": true,
    "hidden": false
  },
  "parent": "customs:poseidonsaim",
  "criteria": {
    "mjolnir": {
      "trigger": "minecraft:inventory_changed",
      "conditions": {
        "items": [
          {
            "items": [
              "minecraft:trident"
            ],
            "components": {
              "minecraft:custom_name": "Mjolnir"
            },
            "predicates": {
              "enchantments": [
                {
                  "enchantments": "minecraft:loyalty",
                  "levels": {
                    "min": 3
                  }
                },
                {
                  "enchantments": "minecraft:channeling",
                  "levels": {
                    "min": 1
                  }
                }
              ]
            }
          }
        ]
      }
    }
  },
  "rewards": {
    "experience": 100
  }
}