{
  "display": {
    "icon": {
      "id": "minecraft:enchanted_golden_apple"
    },
    "title": "Godly Bite",
    "description": "Unleash the power by eating the OP Golden Apple.",
    "frame": "challenge",
    "show_toast": true,
    "announce_to_chat": true,
    "hidden": false
  },
  "parent": "customs:appleofpower",
  "criteria": {
    "goldenapple": {
      "trigger": "minecraft:consume_item",
      "conditions": {
        "item": {
          "items": "minecraft:enchanted_golden_apple",
          "count": 1
        }
      }
    }
  },
  "rewards": {
    "experience": 150
  }
}