{
  "display": {
    "icon": {
      "id": "minecraft:golden_apple"
    },
    "title": "Golden Bite",
    "description": "Enjoy the sweet taste of a golden apple.",
    "frame": "task",
    "show_toast": true,
    "announce_to_chat": true,
    "hidden": false
  },
  "parent": "minecraft:husbandry/root",
  "criteria": {
    "goldenapple": {
      "trigger": "minecraft:consume_item",
      "conditions": {
        "item": {
          "items": "minecraft:golden_apple"
        }
      }
    }
  },
  "rewards": {
    "experience": 25
  }
}