{
  "display": {
    "icon": {
      "id": "minecraft:oxidized_copper_golem_statue"
    },
    "title": "The Golem of Liberty",
    "description": "Receive the golem's statue: motionless, majestic, and eerily still.",
    "frame": "task",
    "show_toast": true,
    "announce_to_chat": true,
    "hidden": false
  },
  "parent": "customs:beep_bop",
  "criteria": {
    "oxidized_copper_golem_statue": {
      "trigger": "minecraft:inventory_changed",
      "conditions": {
        "items": [
          {
            "items": [
              "oxidized_copper_golem_statue",
              "waxed_oxidized_copper_golem_statue"
            ]
          }
        ]
      }
    }
  },
  "rewards": {
    "experience": 75
  }
}