{
  "display": {
    "icon": {
      "id": "minecraft:emerald_block"
    },
    "title": "Greatest Hero of All",
    "description": "Earn the highest level of Hero of the Village effect.",
    "frame": "challenge",
    "show_toast": true,
    "announce_to_chat": true,
    "hidden": false
  },
  "parent": "minecraft:adventure/hero_of_the_village",
  "criteria": {
    "hero_of_the_village": {
      "trigger": "minecraft:effects_changed",
      "conditions": {
        "effects": {
          "minecraft:hero_of_the_village": {
            "amplifier": {
              "min": 4
            }
          }
        }
      }
    }
  },
  "rewards": {
    "experience": 100
  }
}