{
  "display": {
    "icon": {
      "id": "minecraft:elder_guardian_spawn_egg"
    },
    "title": "Guardian Slayer",
    "description": "Defeat the Elder Guardian and prove your mastery of the ocean.",
    "frame": "challenge",
    "show_toast": true,
    "announce_to_chat": true,
    "hidden": false
  },
  "parent": "customs:submerged",
  "criteria": {
    "kill_elder_guardian": {
      "trigger": "minecraft:player_killed_entity",
      "conditions": {
        "entity": {
          "type": "minecraft:elder_guardian"
        }
      }
    }
  },
  "rewards": {
    "experience": 75
  }
}