{
  "display": {
    "icon": {
      "id": "minecraft:lime_candle"
    },
    "title": "Happy Birthday",
    "description": "Light up your cake by placing a candle on it!",
    "frame": "task",
    "show_toast": true,
    "announce_to_chat": true,
    "hidden": false
  },
  "parent": "minecraft:husbandry/root",
  "criteria": {
    "candle_cake": {
      "trigger": "minecraft:item_used_on_block",
      "conditions": {
        "location": [
          {
            "condition": "minecraft:location_check",
            "predicate": {
              "block": {
                "blocks": "#minecraft:candle_cakes"
              }
            }
          },
          {
            "condition": "minecraft:match_tool",
            "predicate": {
              "items": "#minecraft:candles"
            }
          }
        ]
      }
    }
  },
  "rewards": {
    "loot": [],
    "recipes": [],
    "experience": 50
  }
}