{
  "display": {
    "icon": {
      "id": "minecraft:saddle"
    },
    "title": "He is no Him",
    "description": "Take down the piglin that thinks it’s a legendary Strider jockey.",
    "frame": "challenge",
    "show_toast": true,
    "announce_to_chat": true,
    "hidden": false
  },
  "parent": "customs:chicken_jocky",
  "criteria": {
    "zombiepig_strider": {
      "trigger": "minecraft:player_killed_entity",
      "conditions": {
        "entity": {
          "type": "minecraft:zombified_piglin",
          "vehicle": {
            "type": "minecraft:strider"
          }
        }
      }
    }
  },
  "requirements": [
    [
      "zombiepig_strider"
    ]
  ],
  "rewards": {
    "experience": 100
  }
}