{
  "parent": "minecraft:adventure/overoverkill",
  "display": {
    "icon": {
      "item": "minecraft:mace",
      "id": "minecraft:mace",
      "components": {
        "minecraft:enchantment_glint_override": true
      }
    },
    "title": "Heartbreaker",
    "description": "Deal 150 hearts of damage in a single hit.",
    "frame": "challenge",
    "show_toast": true,
    "announce_to_chat": true,
    "hidden": false
  },
  "criteria": {
    "deal_150_hearts": {
      "trigger": "minecraft:player_hurt_entity",
      "conditions": {
        "damage": {
          "type": {
            "tags": [
              {
                "id": "minecraft:is_player_attack",
                "expected": true
              }
            ]
          },
          "dealt": {
            "min": 300
          }
        }
      }
    }
  },
  "requirements": [
    [
      "deal_150_hearts"
    ]
  ],
  "rewards": {
    "experience": 150
  }
}