{
  "display": {
    "icon": {
      "id": "minecraft:magma_cream"
    },
    "title": "Hot Tub Hero",
    "description": "Take a relaxing swim in lava don’t forget your Fire Resistance!",
    "frame": "task",
    "show_toast": true,
    "announce_to_chat": true,
    "hidden": false
  },
  "parent": "minecraft:nether/root",
  "criteria": {
    "fire_resistance": {
      "trigger": "minecraft:location",
      "conditions": {
        "player": [
          {
            "condition": "minecraft:entity_properties",
            "entity": "this",
            "predicate": {
              "effects": {
                "minecraft:fire_resistance": {
                  "amplifier": {
                    "min": 0
                  }
                }
              }
            }
          },
          {
            "condition": "minecraft:entity_properties",
            "entity": "this",
            "predicate": {
              "location": {
                "fluid": {
                  "fluids": [
                    "minecraft:lava",
                    "minecraft:flowing_lava"
                  ]
                }
              }
            }
          },
          {
            "condition": "minecraft:inverted",
            "term": {
              "condition": "minecraft:entity_properties",
              "entity": "this",
              "predicate": {
                "type_specific": {
                  "type": "player",
                  "gamemode": [
                    "spectator"
                  ]
                }
              }
            }
          }
        ]
      }
    }
  },
  "rewards": {
    "experience": 50
  }
}