{
  "display": {
    "icon": {
      "id": "minecraft:turtle_helmet"
    },
    "title": "Immortal… Almost",
    "description": "Become almost immortal by drinking the Potion of the Turtle Master.",
    "frame": "challenge",
    "show_toast": true,
    "announce_to_chat": true,
    "hidden": false
  },
  "parent": "minecraft:adventure/totem_of_undying",
  "criteria": {
    "turtle_master": {
      "trigger": "minecraft:consume_item",
      "conditions": {
        "item": {
          "items": [
            "minecraft:potion"
          ],
          "predicates": {
            "potion_contents": "minecraft:turtle_master"
          }
        }
      }
    },
    "strong_turtle_master": {
      "trigger": "minecraft:consume_item",
      "conditions": {
        "item": {
          "items": [
            "minecraft:potion"
          ],
          "predicates": {
            "potion_contents": "minecraft:strong_turtle_master"
          }
        }
      }
    },
    "long_turtle_master": {
      "trigger": "minecraft:consume_item",
      "conditions": {
        "item": {
          "items": [
            "minecraft:potion"
          ],
          "predicates": {
            "potion_contents": "minecraft:long_turtle_master"
          }
        }
      }
    }
  },
  "requirements": [
    [
      "turtle_master",
      "strong_turtle_master",
      "long_turtle_master"
    ]
  ],
  "rewards": {
    "experience": 100
  }
}