{
  "display": {
    "icon": {
      "id": "minecraft:arrow"
    },
    "title": "Impossible...",
    "description": "Kill an Enderman with an arrow",
    "frame": "challenge",
    "show_toast": true,
    "announce_to_chat": true,
    "hidden": false
  },
  "parent": "customs:camouflage",
  "criteria": {
    "enderman_arrow": {
      "trigger": "minecraft:player_killed_entity",
      "conditions": {
        "entity": {
          "type": "enderman"
        },
        "killing_blow": {
          "source_entity": {
            "equipment": {
              "mainhand": {
                "items": [
                  "minecraft:arrow",
                  "minecraft:tipped_arrow",
                  "minecraft:spectral_arrow"
                ]
              }
            }
          },
          "tags": [
            {
              "id": "minecraft:is_player_attack",
              "expected": true
            }
          ]
        }
      }
    }
  },
  "rewards": {
    "experience": 100
  }
}