{
  "display": {
    "icon": {
      "id": "bundle"
    },
    "title": "Inventory Helper",
    "description": "Craft or pick up a bundle.",
    "frame": "task",
    "show_toast": true,
    "announce_to_chat": true,
    "hidden": false
  },
  "parent": "minecraft:story/mine_stone",
  "criteria": {
    "obtain_bundle": {
      "trigger": "minecraft:inventory_changed",
      "conditions": {
        "items": [
          {
            "items": "#minecraft:bundles"
          }
        ]
      }
    }
  },
  "rewards": {
    "experience": 30
  }
}