{
  "display": {
    "icon": {
      "id": "minecraft:mycelium"
    },
    "title": "Island of Mushrooms",
    "description": "Set foot on the island covered in giant mushrooms.",
    "frame": "challenge",
    "show_toast": true,
    "announce_to_chat": true,
    "hidden": false
  },
  "parent": "customs:hidden_woods",
  "criteria": {
    "mushroom_fields": {
      "trigger": "minecraft:location",
      "conditions": {
        "player": [
          {
            "condition": "minecraft:entity_properties",
            "entity": "this",
            "predicate": {
              "location": {
                "biomes": "minecraft:mushroom_fields"
              }
            }
          },
          {
            "condition": "minecraft:inverted",
            "term": {
              "condition": "minecraft:entity_properties",
              "entity": "this",
              "predicate": {
                "type_specific": {
                  "type": "player",
                  "gamemode": [
                    "spectator"
                  ]
                }
              }
            }
          }
        ]
      }
    }
  },
  "rewards": {
    "experience": 100
  }
}