{
  "display": {
    "icon": {
      "id": "minecraft:iron_sword"
    },
    "title": "Low Budget Vex",
    "description": "Even Allays need a weapon sometimes.",
    "frame": "task",
    "show_toast": true,
    "announce_to_chat": true,
    "hidden": false
  },
  "parent": "minecraft:husbandry/allay_deliver_item_to_player",
  "criteria": {
    "iron_sword": {
      "trigger": "minecraft:player_interacted_with_entity",
      "conditions": {
        "entity": [
          {
            "condition": "minecraft:entity_properties",
            "predicate": {
              "type": "minecraft:allay"
            },
            "entity": "this"
          }
        ],
        "item": {
          "items": [
            "minecraft:iron_sword"
          ]
        }
      }
    }
  },
  "rewards": {
    "experience": 50
  }
}