{
  "display": {
    "icon": {
      "id": "minecraft:experience_bottle"
    },
    "title": "Level Up",
    "description": "Reach 30 experience levels",
    "frame": "task",
    "show_toast": true,
    "announce_to_chat": true,
    "hidden": false
  },
  "parent": "minecraft:story/enchant_item",
  "criteria": {
    "trigger": {
      "trigger": "minecraft:location",
      "conditions": {
        "player": {
          "type_specific": {
            "type": "player",
            "level": {
              "min": 30
            }
          }
        }
      }
    }
  },
  "rewards": {
    "experience": 30
  }
}