{
  "display": {
    "icon": {
      "id": "minecraft:armor_stand"
    },
    "title": "Mannequin",
    "description": "Craft an armor stand for displaying your armor",
    "frame": "task",
    "show_toast": true,
    "announce_to_chat": true,
    "hidden": false
  },
  "parent": "minecraft:adventure/root",
  "criteria": {
    "armor_stand": {
      "trigger": "minecraft:recipe_crafted",
      "conditions": {
        "recipe_id": "minecraft:armor_stand"
      }
    }
  },
  "rewards": {
    "experience": 50
  }
}