{
  "display": {
    "icon": {
      "id": "minecraft:spectral_arrow"
    },
    "title": "Marked by Light",
    "description": "Mark your target and strike with a Spectral Arrow.",
    "frame": "task",
    "show_toast": true,
    "announce_to_chat": true,
    "hidden": false
  },
  "parent": "minecraft:adventure/shoot_arrow",
  "criteria": {
    "spectral_arrow": {
      "trigger": "minecraft:player_hurt_entity",
      "conditions": {
        "damage": {
          "type": {
            "tags": [
              {
                "id": "minecraft:is_projectile",
                "expected": true
              }
            ],
            "direct_entity": {
              "type": "minecraft:spectral_arrow"
            }
          }
        }
      }
    }
  },
  "rewards": {
    "experience": 50
  }
}