{
  "display": {
    "icon": {
      "id": "minecraft:diamond_pickaxe",
      "components": {
        "minecraft:enchantment_glint_override": true
      }
    },
    "title": "Master Miner",
    "description": "Your mining is unstoppable with the perfect Pickaxe in hand.",
    "frame": "challenge",
    "show_toast": true,
    "announce_to_chat": true,
    "hidden": false
  },
  "parent": "customs:unbreakable",
  "criteria": {
    "perfect_pickaxe": {
      "trigger": "minecraft:inventory_changed",
      "conditions": {
        "items": [
          {
            "items": [
              "minecraft:diamond_pickaxe",
              "minecraft:netherite_pickaxe",
              "minecraft:iron_pickaxe"
            ],
            "predicates": {
              "enchantments": [
                {
                  "enchantments": "minecraft:unbreaking",
                  "levels": {
                    "min": 3
                  }
                },
                {
                  "enchantments": "minecraft:mending",
                  "levels": {
                    "min": 1
                  }
                },
                {
                  "enchantments": "minecraft:efficiency",
                  "levels": {
                    "min": 5
                  }
                },
                {
                  "enchantments": "minecraft:fortune",
                  "levels": {
                    "min": 3
                  }
                }
              ]
            }
          }
        ]
      }
    }
  },
  "rewards": {
    "experience": 100
  }
}