{
  "display": {
    "icon": {
      "id": "minecraft:piglin_head"
    },
    "title": "Monster DJ",
    "description": "Sample all mob sounds through Noteblocks.",
    "frame": "challenge",
    "show_toast": true,
    "announce_to_chat": true,
    "hidden": false
  },
  "parent": "customs:tunemaker",
  "criteria": {
    "zombie": {
      "trigger": "minecraft:default_block_use",
      "conditions": {
        "location": [
          {
            "condition": "minecraft:location_check",
            "predicate": {
              "block": {
                "blocks": [
                  "minecraft:note_block"
                ],
                "state": {
                  "instrument": "zombie"
                }
              }
            }
          }
        ]
      }
    },
    "skeleton": {
      "trigger": "minecraft:default_block_use",
      "conditions": {
        "location": [
          {
            "condition": "minecraft:location_check",
            "predicate": {
              "block": {
                "blocks": [
                  "minecraft:note_block"
                ],
                "state": {
                  "instrument": "skeleton"
                }
              }
            }
          }
        ]
      }
    },
    "wither_skeleton": {
      "trigger": "minecraft:default_block_use",
      "conditions": {
        "location": [
          {
            "condition": "minecraft:location_check",
            "predicate": {
              "block": {
                "blocks": [
                  "minecraft:note_block"
                ],
                "state": {
                  "instrument": "wither_skeleton"
                }
              }
            }
          }
        ]
      }
    },
    "creeper": {
      "trigger": "minecraft:default_block_use",
      "conditions": {
        "location": [
          {
            "condition": "minecraft:location_check",
            "predicate": {
              "block": {
                "blocks": [
                  "minecraft:note_block"
                ],
                "state": {
                  "instrument": "creeper"
                }
              }
            }
          }
        ]
      }
    },
    "piglin": {
      "trigger": "minecraft:default_block_use",
      "conditions": {
        "location": [
          {
            "condition": "minecraft:location_check",
            "predicate": {
              "block": {
                "blocks": [
                  "minecraft:note_block"
                ],
                "state": {
                  "instrument": "piglin"
                }
              }
            }
          }
        ]
      }
    },
    "dragon": {
      "trigger": "minecraft:default_block_use",
      "conditions": {
        "location": [
          {
            "condition": "minecraft:location_check",
            "predicate": {
              "block": {
                "blocks": [
                  "minecraft:note_block"
                ],
                "state": {
                  "instrument": "dragon"
                }
              }
            }
          }
        ]
      }
    }
  },
  "rewards": {
    "experience": 100
  }
}