{
  "display": {
    "icon": {
      "id": "minecraft:cake"
    },
    "title": "Must Be Your Birthday",
    "description": "Eat 100 pieces of cake and celebrate in style!",
    "frame": "challenge",
    "show_toast": true,
    "announce_to_chat": true,
    "hidden": false
  },
  "parent": "customs:happybirthday",
  "criteria": {
    "trigger": {
      "trigger": "minecraft:location",
      "conditions": {
        "player": {
          "type_specific": {
            "type": "player",
            "stats": [
              {
                "type": "minecraft:custom",
                "stat": "minecraft:eat_cake_slice",
                "value": {
                  "min": 100
                }
              }
            ]
          }
        }
      }
    }
  },
  "rewards": {
    "experience": 150
  }
}