{
  "display": {
    "icon": {
      "id": "minecraft:player_head",
      "components": {
        "profile": {
          "id": [
            -258220559,
            -434548866,
            -1620885784,
            1820151027
          ],
          "properties": [
            {
              "name": "textures",
              "value": "eyJ0ZXh0dXJlcyI6eyJTS0lOIjp7InVybCI6Imh0dHA6Ly90ZXh0dXJlcy5taW5lY3JhZnQubmV0L3RleHR1cmUvN2VhYmFlY2M1ZmFlNWE4YTQ5Yzg4NjNmZjQ4MzFhYWEyODQxOThmMWEyMzk4ODkwYzc2NWUwYThkZTE4ZGE4YyJ9fX0="
            }
          ]
        }
      }
    },
    "title": "Hellbound Rider",
    "description": "Show the Piglin Jockey who rules the Nether.",
    "frame": "challenge",
    "show_toast": true,
    "announce_to_chat": true,
    "hidden": false
  },
  "parent": "customs:chicken_jocky",
  "criteria": {
    "kill_zombie_on_chicken": {
      "trigger": "minecraft:player_killed_entity",
      "conditions": {
        "entity": {
          "type": "minecraft:zombified_piglin",
          "vehicle": {
            "type": "minecraft:chicken"
          }
        }
      }
    }
  },
  "requirements": [
    [
      "kill_zombie_on_chicken"
    ]
  ],
  "rewards": {
    "experience": 150
  }
}