{
  "parent": "minecraft:story/shiny_gear",
  "criteria": {
    "netherite_armor": {
      "conditions": {
        "items": [
          {
            "items": "minecraft:netherite_helmet"
          },
          {
            "items": "minecraft:netherite_chestplate"
          },
          {
            "items": "minecraft:netherite_leggings"
          },
          {
            "items": "minecraft:netherite_boots"
          }
        ]
      },
      "trigger": "minecraft:inventory_changed"
    }
  },
  "display": {
    "description": {
      "translate": "advancements.nether.netherite_armor.description"
    },
    "icon": {
      "count": 1,
      "id": "minecraft:netherite_chestplate"
    },
    "title": {
      "translate": "advancements.nether.netherite_armor.title"
    },
    "frame": "challenge",
    "show_toast": true,
    "announce_to_chat": true,
    "hidden": false
  },
  "requirements": [
    [
      "netherite_armor"
    ]
  ],
  "rewards": {
    "experience": 0
  },
  "sends_telemetry_event": true
}