{
  "display": {
    "icon": {
      "id": "minecraft:netherite_block"
    },
    "title": "Netherite Architecture",
    "description": "Craft and place a Netherite Block as if it were just building material.",
    "frame": "challenge",
    "show_toast": true,
    "announce_to_chat": true,
    "hidden": false
  },
  "parent": "customs:forgeinfire",
  "criteria": {
    "craft_netherite_block": {
      "trigger": "minecraft:recipe_crafted",
      "conditions": {
        "recipe_id": "minecraft:netherite_block"
      }
    },
    "place_netherite_block": {
      "trigger": "minecraft:placed_block",
      "conditions": {
        "location": [
          {
            "condition": "minecraft:block_state_property",
            "block": "minecraft:netherite_block"
          }
        ]
      }
    }
  },
  "requirements": [
    [
      "craft_netherite_block"
    ],
    [
      "place_netherite_block"
    ]
  ],
  "rewards": {
    "experience": 100
  }
}