{
  "display": {
    "icon": {
      "id": "minecraft:honeycomb"
    },
    "title": "No Statue Today",
    "description": "Protect the copper so it stays alert not a statue on the shelf.",
    "frame": "task",
    "show_toast": true,
    "announce_to_chat": true,
    "hidden": false
  },
  "parent": "customs:beep_bop",
  "criteria": {
    "honeycomb": {
      "trigger": "minecraft:player_interacted_with_entity",
      "conditions": {
        "item": {
          "items": [
            "minecraft:honeycomb"
          ]
        },
        "entity": [
          {
            "condition": "minecraft:entity_properties",
            "entity": "this",
            "predicate": {
              "type": "minecraft:copper_golem"
            }
          }
        ]
      }
    }
  },
  "rewards": {
    "experience": 50
  }
}