{
  "display": {
    "icon": {
      "id": "minecraft:carved_pumpkin"
    },
    "title": "Olaf!",
    "description": "Bring a little snowman magic to life.",
    "frame": "task",
    "show_toast": true,
    "announce_to_chat": true,
    "hidden": false
  },
  "parent": "minecraft:husbandry/root",
  "criteria": {
    "build_snowman": {
      "trigger": "minecraft:summoned_entity",
      "conditions": {
        "block": "minecraft:snow_block",
        "entity": {
          "type": "minecraft:snow_golem"
        }
      }
    }
  },
  "rewards": {
    "experience": 50
  }
}