{
  "display": {
    "icon": {
      "id": "minecraft:zoglin_spawn_egg"
    },
    "title": "Overworld Visitor",
    "description": "Bring a Hoglin to the Overworld and defeat its twisted Zoglin form.",
    "frame": "challenge",
    "show_toast": true,
    "announce_to_chat": true,
    "hidden": false
  },
  "parent": "minecraft:nether/return_to_sender",
  "criteria": {
    "zoglin": {
      "trigger": "minecraft:player_killed_entity",
      "conditions": {
        "entity": {
          "type": "zoglin"
        }
      }
    }
  },
  "rewards": {
    "experience": 100
  }
}