{
  "display": {
    "icon": {
      "id": "minecraft:black_harness"
    },
    "title": "Pillow Fight",
    "description": "Show a Ghast who’s boss while sitting on your fluffy steed.",
    "frame": "challenge",
    "show_toast": true,
    "announce_to_chat": true,
    "hidden": false
  },
  "parent": "minecraft:nether/return_to_sender",
  "criteria": {
    "ghast": {
      "trigger": "minecraft:player_killed_entity",
      "conditions": {
        "entity": {
          "type": "ghast"
        },
        "player": [
          {
            "condition": "minecraft:entity_properties",
            "entity": "this",
            "predicate": {
              "vehicle": {
                "type": "happy_ghast"
              }
            }
          }
        ]
      }
    }
  },
  "rewards": {
    "experience": 100
  }
}