{
  "display": {
    "icon": {
      "id": "minecraft:purple_shulker_box"
    },
    "title": "Portable Storage",
    "description": "Take a Shulker Box with you everywhere… safely.",
    "frame": "task",
    "show_toast": true,
    "announce_to_chat": true,
    "hidden": false
  },
  "parent": "customs:boxbreaker",
  "criteria": {
    "shulker_box": {
      "trigger": "minecraft:inventory_changed",
      "conditions": {
        "items": [
          {
            "items": "#minecraft:shulker_boxes"
          }
        ]
      }
    }
  },
  "rewards": {
    "experience": 50
  }
}