{
  "parent": "minecraft:adventure/throw_trident",
  "display": {
    "icon": {
      "item": "minecraft:trident",
      "id": "minecraft:trident"
    },
    "title": "Poseidons Aim",
    "description": "Send a Drowned back to the depths with a trident from 30 meters away.",
    "frame": "challenge",
    "show_toast": true,
    "announce_to_chat": true,
    "hidden": false
  },
  "criteria": {
    "longshot_drowned": {
      "trigger": "minecraft:player_killed_entity",
      "conditions": {
        "entity": {
          "type": "minecraft:drowned",
          "distance": {
            "horizontal": {
              "min": 30
            }
          }
        },
        "killing_blow": {
          "direct_entity": {
            "type": "minecraft:trident"
          }
        }
      }
    }
  },
  "requirements": [
    [
      "longshot_drowned"
    ]
  ],
  "rewards": {
    "experience": 100
  }
}