{
  "display": {
    "icon": {
      "id": "minecraft:enchanted_book"
    },
    "title": "Quick as a Shadow",
    "description": "Master the art of sneaking with this enchantment.",
    "frame": "challenge",
    "show_toast": true,
    "announce_to_chat": true,
    "hidden": false
  },
  "parent": "customs:fallen_kingdom",
  "criteria": {
    "swift_sneak_book": {
      "trigger": "minecraft:inventory_changed",
      "conditions": {
        "items": [
          {
            "predicates": {
              "stored_enchantments": [
                {
                  "enchantments": "minecraft:swift_sneak"
                }
              ]
            }
          }
        ]
      }
    }
  },
  "requirements": [
    [
      "swift_sneak_book"
    ]
  ],
  "rewards": {
    "experience": 100
  }
}