{
  "display": {
    "icon": {
      "id": "minecraft:goat_horn"
    },
    "title": "RAM!",
    "description": "Obtain a Goat’s Horn by having one ram into a block",
    "frame": "task",
    "show_toast": true,
    "announce_to_chat": true,
    "hidden": false
  },
  "parent": "minecraft:adventure/root",
  "rewards": {
    "experience": 50
  },
  "criteria": {
    "goat_horn": {
      "trigger": "minecraft:inventory_changed",
      "conditions": {
        "items": [
          {
            "items": [
              "minecraft:goat_horn"
            ]
          }
        ]
      }
    }
  }
}