{
  "display": {
    "icon": {
      "id": "minecraft:recovery_compass"
    },
    "title": "Return Path",
    "description": "Craft a Recovery Compass to find where you last met your doom.",
    "frame": "challenge",
    "show_toast": true,
    "announce_to_chat": true,
    "hidden": false
  },
  "parent": "customs:fallen_kingdom",
  "criteria": {
    "recovery_compass": {
      "trigger": "minecraft:recipe_crafted",
      "conditions": {
        "recipe_id": "minecraft:recovery_compass"
      }
    }
  },
  "rewards": {
    "experience": 100
  }
}