{
  "display": {
    "icon": {
      "id": "minecraft:creeper_head"
    },
    "title": "Revenge!",
    "description": "Take explosive revenge on a Creeper using TNT.",
    "frame": "task",
    "show_toast": true,
    "announce_to_chat": true,
    "hidden": false
  },
  "parent": "customs:controlled_explosion",
  "criteria": {
    "creeper": {
      "trigger": "minecraft:player_killed_entity",
      "conditions": {
        "entity": {
          "type": "creeper"
        },
        "killing_blow": {
          "direct_entity": {
            "type": "tnt"
          },
          "tags": [
            {
              "id": "minecraft:is_explosion",
              "expected": true
            }
          ]
        }
      }
    }
  },
  "rewards": {
    "experience": 50
  }
}