{
  "display": {
    "icon": {
      "id": "minecraft:lightning_rod"
    },
    "title": "Running Lightning Rod",
    "description": "Strike a Copper Golem with lightning before it turns into a statue",
    "frame": "challenge",
    "show_toast": true,
    "announce_to_chat": true,
    "hidden": false
  },
  "parent": "customs:no_statue_today",
  "criteria": {
    "struck_golem": {
      "conditions": {
        "victims": [
          [
            {
              "condition": "minecraft:entity_properties",
              "entity": "this",
              "predicate": {
                "type": "minecraft:copper_golem"
              }
            }
          ]
        ]
      },
      "trigger": "minecraft:channeled_lightning"
    }
  },
  "requirements": [
    [
      "struck_golem"
    ]
  ],
  "rewards": {
    "experience": 100
  }
}