{
  "display": {
    "icon": {
      "id": "minecraft:sculk_shrieker"
    },
    "title": "Sculk Alarm",
    "description": "Make the Shrieker scream but don’t wake the whole neighborhood.",
    "frame": "task",
    "show_toast": true,
    "announce_to_chat": true,
    "hidden": false
  },
  "parent": "minecraft:adventure/kill_mob_near_sculk_catalyst",
  "criteria": {
    "darkness": {
      "trigger": "minecraft:effects_changed",
      "conditions": {
        "effects": {
          "minecraft:darkness": {}
        }
      }
    }
  },
  "rewards": {
    "experience": 50
  }
}