{
  "display": {
    "icon": {
      "id": "minecraft:soul_soil"
    },
    "title": "Soul Runner",
    "description": "Get the Soul Speed enchantment.",
    "frame": "task",
    "show_toast": true,
    "announce_to_chat": true,
    "hidden": false
  },
  "parent": "minecraft:nether/distract_piglin",
  "criteria": {
    "soul_speed_boots": {
      "trigger": "minecraft:inventory_changed",
      "conditions": {
        "items": [
          {
            "predicates": {
              "enchantments": [
                {
                  "enchantments": "minecraft:soul_speed"
                }
              ]
            }
          }
        ]
      }
    },
    "soul_speed_book": {
      "trigger": "minecraft:inventory_changed",
      "conditions": {
        "items": [
          {
            "predicates": {
              "stored_enchantments": [
                {
                  "enchantments": "minecraft:soul_speed"
                }
              ]
            }
          }
        ]
      }
    }
  },
  "requirements": [
    [
      "soul_speed_boots",
      "soul_speed_book"
    ]
  ],
  "rewards": {
    "experience": 50
  }
}