{
  "display": {
    "icon": {
      "id": "minecraft:music_disc_creator_music_box"
    },
    "title": "Spin That Disc",
    "description": "Place a music disc into a jukebox and let the melody play.",
    "frame": "task",
    "show_toast": true,
    "announce_to_chat": true,
    "hidden": false
  },
  "parent": "minecraft:adventure/root",
  "criteria": {
    "red": {
      "trigger": "minecraft:item_used_on_block",
      "conditions": {
        "player": [],
        "location": [
          {
            "condition": "minecraft:match_tool",
            "predicate": {
              "predicates": {
                "minecraft:jukebox_playable": {}
              }
            }
          },
          {
            "condition": "minecraft:location_check",
            "predicate": {
              "block": {
                "blocks": [
                  "minecraft:jukebox"
                ]
              }
            }
          }
        ]
      }
    }
  },
  "rewards": {
    "experience": 50
  }
}