{
  "display": {
    "icon": {
      "id": "minecraft:sponge"
    },
    "title": "Spongebob",
    "description": "Grab SpongeBob from the Guardian Temple!",
    "frame": "task",
    "show_toast": true,
    "announce_to_chat": true,
    "hidden": false
  },
  "parent": "customs:guardian_slayer",
  "criteria": {
    "pick_up_sponge": {
      "trigger": "minecraft:inventory_changed",
      "conditions": {
        "items": [
          {
            "items": [
              "minecraft:sponge",
              "minecraft:wet_sponge"
            ]
          }
        ]
      }
    }
  },
  "rewards": {
    "experience": 50
  }
}