{
  "display": {
    "icon": {
      "id": "minecraft:water_bucket"
    },
    "title": "Storm Rider",
    "description": "Ride the storm fly with your Riptide Trident.",
    "frame": "challenge",
    "show_toast": true,
    "announce_to_chat": true,
    "hidden": false
  },
  "parent": "customs:poseidonsaim",
  "criteria": {
    "riptide": {
      "trigger": "minecraft:using_item",
      "conditions": {
        "item": {
          "items": [
            "minecraft:trident"
          ],
          "predicates": {
            "enchantments": [
              {
                "enchantments": "minecraft:riptide"
              }
            ]
          }
        }
      }
    }
  },
  "rewards": {
    "experience": 120
  }
}