{
  "display": {
    "icon": {
      "id": "minecraft:bat_spawn_egg"
    },
    "title": "Strike in Darkness",
    "description": "Take down a bat without seeing a thing.",
    "frame": "challenge",
    "show_toast": true,
    "announce_to_chat": true,
    "hidden": false
  },
  "parent": "customs:dead_by_magic",
  "criteria": {
    "blind_as_a_bat": {
      "trigger": "minecraft:player_killed_entity",
      "conditions": {
        "entity": {
          "type": "bat"
        },
        "player": [
          {
            "condition": "minecraft:any_of",
            "terms": [
              {
                "condition": "minecraft:entity_properties",
                "entity": "this",
                "predicate": {
                  "effects": {
                    "minecraft:blindness": {
                      "amplifier": {
                        "min": 0
                      }
                    }
                  }
                }
              },
              {
                "condition": "minecraft:entity_properties",
                "entity": "this",
                "predicate": {
                  "effects": {
                    "minecraft:darkness": {
                      "amplifier": {
                        "min": 0
                      }
                    }
                  }
                }
              }
            ]
          }
        ]
      }
    }
  },
  "rewards": {
    "experience": 150
  }
}