{
  "display": {
    "icon": {
      "id": "minecraft:suspicious_stew"
    },
    "title": "Suspicious Meal",
    "description": "Eat a suspicious stew.",
    "frame": "task",
    "show_toast": true,
    "announce_to_chat": true,
    "hidden": false
  },
  "parent": "minecraft:husbandry/plant_seed",
  "criteria": {
    "eat_suspicious_stew": {
      "trigger": "minecraft:consume_item",
      "conditions": {
        "item": {
          "items": [
            "minecraft:suspicious_stew"
          ]
        }
      }
    }
  },
  "rewards": {
    "experience": 50
  }
}