{
  "display": {
    "icon": {
      "id": "minecraft:snowball"
    },
    "title": "Target Master",
    "description": "Hit a target block with all types of projectiles you can throw or shoot.",
    "frame": "challenge",
    "show_toast": true,
    "announce_to_chat": true,
    "hidden": false
  },
  "parent": "minecraft:adventure/sniper_duel",
  "criteria": {
    "arrow": {
      "trigger": "minecraft:target_hit",
      "conditions": {
        "projectile": {
          "type": "minecraft:arrow"
        }
      }
    },
    "trident": {
      "trigger": "minecraft:target_hit",
      "conditions": {
        "projectile": {
          "type": "minecraft:trident"
        }
      }
    },
    "egg": {
      "trigger": "minecraft:target_hit",
      "conditions": {
        "projectile": {
          "type": "minecraft:egg",
          "nbt": "{Item:{id:\"minecraft:egg\"}}"
        }
      }
    },
    "brown_egg": {
      "trigger": "minecraft:target_hit",
      "conditions": {
        "projectile": {
          "type": "minecraft:egg",
          "nbt": "{Item:{id:\"minecraft:brown_egg\"}}"
        }
      }
    },
    "blue_egg": {
      "trigger": "minecraft:target_hit",
      "conditions": {
        "projectile": {
          "type": "minecraft:egg",
          "nbt": "{Item:{id:\"minecraft:blue_egg\"}}"
        }
      }
    },
    "snowball": {
      "trigger": "minecraft:target_hit",
      "conditions": {
        "projectile": {
          "type": "minecraft:snowball"
        }
      }
    },
    "potion": {
      "trigger": "minecraft:target_hit",
      "conditions": {
        "projectile": {
          "type": "minecraft:splash_potion"
        }
      }
    },
    "firework_rocket": {
      "trigger": "minecraft:target_hit",
      "conditions": {
        "projectile": {
          "type": "minecraft:firework_rocket"
        }
      }
    },
    "experience_bottle": {
      "trigger": "minecraft:target_hit",
      "conditions": {
        "projectile": {
          "type": "minecraft:experience_bottle"
        }
      }
    },
    "ender_pearl": {
      "trigger": "minecraft:target_hit",
      "conditions": {
        "projectile": {
          "type": "minecraft:ender_pearl"
        }
      }
    },
    "fishing_bobber": {
      "trigger": "minecraft:target_hit",
      "conditions": {
        "projectile": {
          "type": "minecraft:fishing_bobber"
        }
      }
    },
    "wind_charge": {
      "trigger": "minecraft:target_hit",
      "conditions": {
        "projectile": {
          "type": "minecraft:wind_charge"
        }
      }
    }
  },
  "rewards": {
    "experience": 150
  }
}