{
  "display": {
    "icon": {
      "id": "minecraft:player_head",
      "components": {
        "profile": {
          "id": [
            -350135654,
            1482441980,
            -1270006103,
            864641199
          ],
          "properties": [
            {
              "name": "textures",
              "value": "eyJ0ZXh0dXJlcyI6eyJTS0lOIjp7InVybCI6Imh0dHA6Ly90ZXh0dXJlcy5taW5lY3JhZnQubmV0L3RleHR1cmUvOGM5MDdhN2Y0ZjBjM2E2YzljOWI3OTM0OGY3YmYxOTkzNjk1YjZkMmVhZTJmYWI3MDRhMWE0ZDliODI4OGNiZSJ9fX0="
            }
          ]
        }
      }
    },
    "title": "Technoblade Never Dies",
    "description": "Honor the legend by naming a pig.",
    "frame": "challenge",
    "show_toast": true,
    "announce_to_chat": true,
    "hidden": false
  },
  "parent": "customs:dinnerbone",
  "criteria": {
    "name_tag": {
      "trigger": "minecraft:player_interacted_with_entity",
      "conditions": {
        "item": {
          "items": [
            "minecraft:name_tag"
          ],
          "components": {
            "minecraft:custom_name": "Technoblade"
          }
        },
        "entity": [
          {
            "condition": "minecraft:entity_properties",
            "predicate": {
              "type": "minecraft:pig"
            },
            "entity": "this"
          }
        ]
      }
    }
  },
  "rewards": {
    "experience": 100
  }
}