{
  "display": {
    "icon": {
      "id": "minecraft:name_tag"
    },
    "title": "Breakfast Buddy",
    "description": "A rabbit that's more than just cute… it's Toast.",
    "frame": "challenge",
    "show_toast": true,
    "announce_to_chat": true,
    "hidden": false
  },
  "parent": "customs:jeb_",
  "criteria": {
    "name_tag": {
      "trigger": "minecraft:player_interacted_with_entity",
      "conditions": {
        "item": {
          "items": [
            "minecraft:name_tag"
          ],
          "components": {
            "minecraft:custom_name": "Toast"
          }
        },
        "entity": [
          {
            "condition": "minecraft:entity_properties",
            "predicate": {
              "type": "minecraft:rabbit"
            },
            "entity": "this"
          }
        ]
      }
    }
  },
  "rewards": {
    "experience": 80
  }
}