{
  "display": {
    "icon": {
      "id": "minecraft:lightning_rod"
    },
    "title": "Touched by the Storm",
    "description": "Get hit by lightning and live to tell the tale.",
    "frame": "task",
    "show_toast": true,
    "announce_to_chat": true,
    "hidden": false
  },
  "parent": "minecraft:adventure/very_very_frightening",
  "criteria": {
    "bolt_damage": {
      "trigger": "minecraft:lightning_strike",
      "conditions": {
        "lightning": [
          {
            "condition": "minecraft:entity_properties",
            "predicate": {
              "distance": {
                "absolute": {
                  "max": 2
                }
              }
            },
            "entity": "this"
          }
        ],
        "player": [
          {
            "condition": "minecraft:entity_properties",
            "predicate": {},
            "entity": "this"
          }
        ]
      }
    }
  },
  "rewards": {
    "experience": 50
  }
}