{
  "display": {
    "icon": {
      "id": "minecraft:note_block"
    },
    "title": "Tune Maker",
    "description": "Craft a Noteblock.",
    "frame": "task",
    "show_toast": true,
    "announce_to_chat": true,
    "hidden": false
  },
  "parent": "minecraft:adventure/play_jukebox_in_meadows",
  "criteria": {
    "note": {
      "trigger": "minecraft:inventory_changed",
      "conditions": {
        "items": [
          {
            "items": "minecraft:note_block"
          }
        ]
      }
    }
  },
  "rewards": {
    "experience": 50
  }
}