{
  "display": {
    "icon": {
      "id": "minecraft:turtle_helmet"
    },
    "title": "Turtle Power",
    "description": "Craft a Turtle Helmet.",
    "show_toast": true,
    "announce_to_chat": true,
    "frame": "task",
    "hidden": false
  },
  "parent": "minecraft:husbandry/ride_a_boat_with_a_goat",
  "criteria": {
    "craft_turtle_helmet": {
      "trigger": "minecraft:recipe_crafted",
      "conditions": {
        "player": [],
        "recipe_id": "minecraft:turtle_helmet"
      }
    }
  },
  "rewards": {
    "experience": 50
  }
}