{
  "display": {
    "icon": {
      "id": "minecraft:diamond_chestplate",
      "components": {
        "minecraft:enchantment_glint_override": true
      }
    },
    "title": "Unbreakable",
    "description": "Obtain any tool, weapon, or armor piece enchanted with Mending and Unbreaking III.",
    "frame": "task",
    "show_toast": true,
    "announce_to_chat": true,
    "hidden": false
  },
  "parent": "customs:lvl30",
  "criteria": {
    "enchanted_armor": {
      "trigger": "minecraft:inventory_changed",
      "conditions": {
        "items": [
          {
            "predicates": {
              "enchantments": [
                {
                  "enchantments": "minecraft:mending",
                  "levels": {
                    "min": 1
                  }
                },
                {
                  "enchantments": "minecraft:unbreaking",
                  "levels": {
                    "min": 3
                  }
                }
              ]
            }
          }
        ]
      }
    },
    "enchanted_tool": {
      "trigger": "minecraft:inventory_changed",
      "conditions": {
        "items": [
          {
            "predicates": {
              "enchantments": [
                {
                  "enchantments": "minecraft:mending",
                  "levels": {
                    "min": 1
                  }
                },
                {
                  "enchantments": "minecraft:unbreaking",
                  "levels": {
                    "min": 3
                  }
                }
              ]
            }
          }
        ]
      }
    },
    "enchanted_weapon": {
      "trigger": "minecraft:inventory_changed",
      "conditions": {
        "items": [
          {
            "predicates": {
              "enchantments": [
                {
                  "enchantments": "minecraft:mending",
                  "levels": {
                    "min": 1
                  }
                },
                {
                  "enchantments": "minecraft:unbreaking",
                  "levels": {
                    "min": 3
                  }
                }
              ]
            }
          }
        ]
      }
    }
  },
  "requirements": [
    [
      "enchanted_armor"
    ],
    [
      "enchanted_tool"
    ],
    [
      "enchanted_weapon"
    ]
  ],
  "rewards": {
    "experience": 50
  }
}