{
  "display": {
    "icon": {
      "id": "minecraft:shears"
    },
    "title": "Unmasked",
    "description": "Oops… your snowman lost its head!",
    "frame": "task",
    "show_toast": true,
    "announce_to_chat": true,
    "hidden": false
  },
  "parent": "customs:olaf",
  "criteria": {
    "shears": {
      "trigger": "minecraft:player_interacted_with_entity",
      "conditions": {
        "item": {
          "items": [
            "minecraft:shears"
          ]
        },
        "entity": [
          {
            "condition": "minecraft:entity_properties",
            "entity": "this",
            "predicate": {
              "type": "minecraft:snow_golem"
            }
          }
        ]
      }
    }
  },
  "rewards": {
    "loot": [],
    "experience": 50
  }
}