{
  "parent": "minecraft:adventure/root",
  "criteria": {
    "found_village": {
      "trigger": "minecraft:location",
      "conditions": {
        "player": {
          "location": {
            "structures": "#minecraft:village"
          }
        }
      }
    }
  },
  "display": {
    "icon": {
      "id": "minecraft:hay_block"
    },
    "title": "Welcome to the Neighborhood",
    "description": "Discover your first village, a place full of life.",
    "frame": "task",
    "show_toast": true,
    "announce_to_chat": true,
    "hidden": false
  },
  "requirements": [
    [
      "found_village"
    ]
  ],
  "rewards": {
    "experience": 50
  }
}