{
  "display": {
    "icon": {
      "id": "minecraft:elytra"
    },
    "title": "When Piglins Fly",
    "description": "Give a piglin elytra then kill it",
    "frame": "task",
    "show_toast": true,
    "announce_to_chat": true,
    "hidden": false
  },
  "parent": "minecraft:nether/root",
  "criteria": {
    "piglin": {
      "trigger": "minecraft:player_killed_entity",
      "conditions": {
        "entity": {
          "type": "minecraft:piglin",
          "equipment": {
            "chest": {
              "items": [
                "minecraft:elytra"
              ]
            }
          }
        }
      }
    }
  },
  "requirements": [
    [
      "piglin"
    ]
  ],
  "rewards": {
    "experience": 50
  }
}