{
  "display": {
    "icon": {
      "id": "minecraft:mace"
    },
    "title": "Wind Master",
    "description": "Enchant your Mace with Wind Burst and harness the power of the wind.",
    "frame": "challenge",
    "show_toast": true,
    "announce_to_chat": true,
    "hidden": false
  },
  "parent": "minecraft:adventure/overoverkill",
  "criteria": {
    "mace_windu": {
      "trigger": "minecraft:inventory_changed",
      "conditions": {
        "items": [
          {
            "predicates": {
              "enchantments": [
                {
                  "enchantments": "minecraft:wind_burst"
                }
              ]
            }
          }
        ]
      }
    }
  },
  "rewards": {
    "experience": 150
  }
}