{
  "display": {
    "icon": {
      "id": "minecraft:filled_map"
    },
    "title": "X Marks the Spot",
    "description": "Find the spot where X marks the treasure.",
    "frame": "task",
    "show_toast": true,
    "announce_to_chat": true,
    "hidden": false
  },
  "parent": "minecraft:adventure/use_lodestone",
  "criteria": {
    "heart_of_the_sea": {
      "trigger": "minecraft:player_generates_container_loot",
      "conditions": {
        "loot_table": "minecraft:chests/buried_treasure"
      }
    }
  },
  "rewards": {
    "experience": 50
  }
}