{
  "parent": "customs:invisible_root",
  "criteria": {
    "brush_armadillo": {
      "trigger": "minecraft:player_interacted_with_entity",
      "conditions": {
        "entity": [
          {
            "condition": "minecraft:entity_properties",
            "entity": "this",
            "predicate": {
              "type": "minecraft:armadillo"
            }
          }
        ],
        "item": {
          "items": ["minecraft:brush"]
        }
      }
    }
  },
  "requirements": [
    [
      "brush_armadillo"
    ]
  ]
}
