{
  "pools": [
    {
      "rolls": 1,
      "entries": [
        {
          "type": "item",
          "weight": 1,
          "name": "minecraft:ender_pearl",
          "functions": [
            {
              "function": "set_count",
              "count": 1
            },
            {
              "function": "set_components",
              "components": {
                "minecraft:rarity": "epic",
                "minecraft:max_stack_size": 1,
                "minecraft:max_damage": 32,
                "minecraft:enchantment_glint_override": true,
                "minecraft:custom_data": {
                  "eternal_pearl": true
                },
                "minecraft:custom_name": {
                  "text": "Eternal Pearl",
                  "italic": false
                },
                "minecraft:use_remainder": {
                  "id": "minecraft:command_block",
                  "components": {
                    "minecraft:item_model": "minecraft:ender_pearl",
                    "minecraft:rarity": "epic",
                    "minecraft:max_stack_size": 1,
                    "minecraft:max_damage": 32,
                    "minecraft:enchantment_glint_override": true,
                    "minecraft:custom_data": {
                      "eternal_pearl.replace": true
                    },
                    "minecraft:custom_name": {
                      "text": "Eternal Pearl",
                      "italic": false
                    }
                  }
                }
              }
            }
          ]
        }
      ]
    }
  ]
}
