{
  "type": "minecraft:entity",
  "pools": [
    {
      "rolls": {
        "min": 1,
        "max": 8
      },
      "entries": [
        {
          "type": "minecraft:tag",
          "name": "mob_manager:dyeable_glass",
          "expand": true
        }
      ]
    },
    {
      "rolls": {
        "min": 1,
        "max": 16
      },
      "entries": [
        {
          "type": "minecraft:tag",
          "name": "mob_manager:dyeable_glass_panes",
          "expand": true
        }
      ]
    }
  ]
}