{
	"type": "minecraft:entity",
	"pools": [
		{
			"rolls": 1,
			"entries": [
				{
					"type": "minecraft:alternatives",
					"conditions": [
						{
							"condition": "killed_by_player"
						},
						{
          "condition": "minecraft:random_chance",
          "chance": {
            "type": "minecraft:storage",
            "storage": "eden:settings",
            "path": "mob_manager.bee.mobhead"
          }
        }
					],
					"children": [
						{
							"type": "item",
							"name": "minecraft:player_head",
							"functions": [
								{
									"function": "set_components",
									"components": {
										"minecraft:note_block_sound": "minecraft:entity.bee.loop",
										"minecraft:profile": {
											"properties": [
												{
													"name": "textures",
													"value": "eyJ0ZXh0dXJlcyI6eyJTS0lOIjp7InVybCI6Imh0dHA6Ly90ZXh0dXJlcy5taW5lY3JhZnQubmV0L3RleHR1cmUvNTlhYzE2ZjI5NmI0NjFkMDVlYTA3ODVkNDc3MDMzZTUyNzM1OGI0ZjMwYzI2NmFhMDJmMDIwMTU3ZmZjYTczNiJ9fX0="
												}
											]
										},
										"minecraft:item_name": {
                  "translate": "entity.minecraft.bee"
                }
									}
								}
							],
							"conditions": [
								{
									"condition": "entity_properties",
									"predicate": {
										"nbt": "{AngerTime:0,HasNectar:0b}"
									},
									"entity": "this"
								}
							]
						},
						{
							"type": "item",
							"name": "minecraft:player_head",
							"functions": [
								{
									"function": "set_components",
									"components": {
										"minecraft:note_block_sound": "minecraft:entity.bee.pollinate",
										"minecraft:profile": {
											"properties": [
												{
													"name": "textures",
													"value": "eyJ0ZXh0dXJlcyI6eyJTS0lOIjp7InVybCI6Imh0dHA6Ly90ZXh0dXJlcy5taW5lY3JhZnQubmV0L3RleHR1cmUvYjcyN2QwYWIwM2Y1Y2QwMjJmODcwNWQzZjdmMTMzY2E0OTIwZWFlOGUxZTQ3YjUwNzQ0MzNhMTM3ZTY5MWU0ZSJ9fX0="
												}
											]
										},
										"minecraft:item_name": {
                  "translate": "entity.minecraft.bee"
                }
									}
								}
							],
							"conditions": [
								{
									"condition": "entity_properties",
									"predicate": {
										"nbt": "{AngerTime:0,HasNectar:1b}"
									},
									"entity": "this"
								}
							]
						},
						{
							"type": "item",
							"name": "minecraft:player_head",
							"functions": [
								{
									"function": "set_components",
									"components": {
										"minecraft:note_block_sound": "minecraft:entity.bee.loop_aggressive",
										"minecraft:profile": {
											"properties": [
												{
													"name": "textures",
													"value": "eyJ0ZXh0dXJlcyI6eyJTS0lOIjp7InVybCI6Imh0dHA6Ly90ZXh0dXJlcy5taW5lY3JhZnQubmV0L3RleHR1cmUvZTQwMDIyM2YxZmE1NDc0MWQ0MjFkN2U4MDQ2NDA5ZDVmM2UxNWM3ZjQzNjRiMWI3Mzk5NDAyMDhmM2I2ODZkNCJ9fX0="
												}
											]
										},
										"minecraft:item_name": {
                  "translate": "entity.minecraft.bee"
                }
									}
								}
							],
							"conditions": [
								{
									"condition": "entity_properties",
									"predicate": {
										"nbt": "{HasNectar:0b}"
									},
									"entity": "this"
								}
							]
						},
						{
							"type": "item",
							"name": "minecraft:player_head",
							"functions": [
								{
									"function": "set_components",
									"components": {
										"minecraft:note_block_sound": "minecraft:entity.bee.loop_aggressive",
										"minecraft:profile": {
											"properties": [
												{
													"name": "textures",
													"value": "eyJ0ZXh0dXJlcyI6eyJTS0lOIjp7InVybCI6Imh0dHA6Ly90ZXh0dXJlcy5taW5lY3JhZnQubmV0L3RleHR1cmUvZTZiNzRlMDUyYjc0Mjg4Nzk5YmE2ZDlmMzVjNWQwMjIxY2Y4YjA0MzMxNTQ3ZWMyZjY4ZDczNTk3YWUyYzliIn19fQ=="
												}
											]
										},
										"minecraft:item_name": {
                  "translate": "entity.minecraft.bee"
                }
									}
								}
							],
							"conditions": [
								{
									"condition": "entity_properties",
									"predicate": {
										"nbt": "{HasNectar:1b}"
									},
									"entity": "this"
								}
							]
						}
					]
				}
			]
		},
		{
      "rolls": 1,
      "entries": [
        {
          "type": "minecraft:item",
          "name": "minecraft:honeycomb",
          "functions": [
            {
              "count": {
                "type": "minecraft:uniform",
                "max": 1,
                "min": 0
              },
              "enchantment": "minecraft:looting",
              "function": "minecraft:enchanted_count_increase"
            }
          ]
        }
      ],
      "conditions": [
        {
          "condition": "killed_by_player"
        },
        {
          "condition": "minecraft:random_chance",
          "chance": {
            "type": "minecraft:storage",
            "storage": "eden:settings",
            "path": "mob_manager.mob_drops.beehoneycomb"
          }
        }
      ]
    },
    {
      "rolls": 1,
      "entries": [
        {
          "type": "minecraft:loot_table",
          "value": "minecraft:entities/bee"
        }
      ]
    }
	]
}