{
  "type": "minecraft:entity",
  "pools": [
    {
      "rolls": 1,
      "entries": [
        {
          "type": "minecraft:alternatives",
          "children": [
            {
              "type": "minecraft:item",
              "name": "minecraft:player_head",
              "functions": [
                {
                  "function": "set_components",
                  "components": {
                    "minecraft:note_block_sound": "minecraft:entity.cow.ambient",
                    "minecraft:profile": {
                      "properties": [
                        {
                          "name": "textures",
                          "value": "eyJ0ZXh0dXJlcyI6eyJTS0lOIjp7InVybCI6Imh0dHA6Ly90ZXh0dXJlcy5taW5lY3JhZnQubmV0L3RleHR1cmUvZTMzMjIxNDg0ZDM5ZjBkNGVjZGZmYTcyOTU2N2NlNzdmYThjZTA1YjA5MWRiNzZkZDViMDc5YTIwZjdiZjMzOSJ9fX0="
                        }
                      ]
                    },
                    "minecraft:item_name": {
                      "translate": "entity.minecraft.cow"
                    }
                  }
                }
              ],
              "conditions": [
                {
                  "condition": "minecraft:entity_properties",
                  "entity": "this",
                  "predicate": {
                    "components": {
                      "minecraft:cow/variant": "minecraft:cold"
                    }
                  }
                },
                {
                  "condition": "killed_by_player"
                },
                {
                  "condition": "minecraft:random_chance",
                  "chance": {
                    "type": "minecraft:storage",
                    "storage": "eden:settings",
                    "path": "mob_manager.cow.mobhead"
                  }
                }
              ]
            },
            {
              "type": "minecraft:item",
              "name": "minecraft:player_head",
              "functions": [
                {
                  "function": "set_components",
                  "components": {
                    "minecraft:note_block_sound": "minecraft:entity.cow.ambient",
                    "minecraft:profile": {
                      "properties": [
                        {
                          "name": "textures",
                          "value": "eyJ0ZXh0dXJlcyI6eyJTS0lOIjp7InVybCI6Imh0dHA6Ly90ZXh0dXJlcy5taW5lY3JhZnQubmV0L3RleHR1cmUvMjNiMzM3NmZhZjI4MWMxNGJhNDcyZDJlN2Y2YjZkMDE2OWU0YmMyMzc0ODM1YTlmOGQwNzg4ZTA0ZDgxMzQzZCJ9fX0="
                        }
                      ]
                    },
                    "minecraft:item_name": {
                      "translate": "entity.minecraft.cow"
                    }
                  }
                }
              ],
              "conditions": [
                {
                  "condition": "minecraft:entity_properties",
                  "entity": "this",
                  "predicate": {
                    "components": {
                      "minecraft:cow/variant": "minecraft:warm"
                    }
                  }
                },
                {
                  "condition": "killed_by_player"
                },
                {
                  "condition": "minecraft:random_chance",
                  "chance": {
                    "type": "minecraft:storage",
                    "storage": "eden:settings",
                    "path": "mob_manager.cow.mobhead"
                  }
                }
              ]
            },
            {
              "type": "minecraft:item",
              "name": "minecraft:player_head",
              "functions": [
                {
                  "function": "set_components",
                  "components": {
                    "minecraft:note_block_sound": "minecraft:entity.cow.ambient",
                    "minecraft:profile": {
                      "properties": [
                        {
                          "name": "textures",
                          "value": "eyJ0ZXh0dXJlcyI6eyJTS0lOIjp7InVybCI6Imh0dHA6Ly90ZXh0dXJlcy5taW5lY3JhZnQubmV0L3RleHR1cmUvODdlNzE5M2EwYzNmZjgyYzE4OTI3ZDVhNzMwMTVmMDU3ZDA4N2ZmOTJjNGJjZTE1NTdiZTQ2MjNkMzA5NTBmZiJ9fX0="
                        }
                      ]
                    },
                    "minecraft:item_name": {
                      "translate": "entity.minecraft.cow"
                    }
                  }
                }
              ],
              "conditions": [
                {
                  "condition": "minecraft:entity_properties",
                  "entity": "this",
                  "predicate": {
                    "components": {
                      "minecraft:cow/variant": "minecraft:temperate"
                    }
                  }
                },
                {
                  "condition": "killed_by_player"
                },
                {
                  "condition": "minecraft:random_chance",
                  "chance": {
                    "type": "minecraft:storage",
                    "storage": "eden:settings",
                    "path": "mob_manager.cow.mobhead"
                  }
                }
              ]
            }
          ]
        }
      ]
    },
    {
      "rolls": 1,
      "entries": [
        {
          "type": "minecraft:loot_table",
          "value": "minecraft:entities/cow"
        }
      ]
    }
  ]
}