{
  "type": "minecraft:entity",
  "pools": [
    {
      "rolls": 1,
      "entries": [
        {
          "type": "minecraft:alternatives",
          "children": [
            {
              "type": "minecraft:item",
              "name": "minecraft:player_head",
              "functions": [
                {
                  "function": "set_components",
                  "components": {
                    "minecraft:note_block_sound": "minecraft:entity.fox.ambient",
                    "minecraft:profile": {
                      "properties": [
                        {
                          "name": "textures",
                          "value": "eyJ0ZXh0dXJlcyI6eyJTS0lOIjp7InVybCI6Imh0dHA6Ly90ZXh0dXJlcy5taW5lY3JhZnQubmV0L3RleHR1cmUvZDdlMDA0MzExMWJjNTcwOTA4NTYyNTkxNTU1NzFjNzkwNmU3MDcwNDZkZjA0MWI4YjU3MjcwNGM0NTFmY2Q4MiJ9fX0="
                        }
                      ]
                    },
                    "minecraft:item_name": {
                      "translate": "entity.minecraft.fox"
                    }
                  }
                }
              ],
              "conditions": [
                {
                  "condition": "minecraft:entity_properties",
                  "entity": "this",
                  "predicate": {
                    "components": {
                      "minecraft:fox/variant": "red"
                    }
                  }
                },
                {
                  "condition": "killed_by_player"
                },
                {
                  "condition": "minecraft:random_chance",
                  "chance": {
                    "type": "minecraft:storage",
                    "storage": "eden:settings",
                    "path": "mob_manager.fox.mobhead"
                  }
                }
              ]
            },
            {
              "type": "minecraft:item",
              "name": "minecraft:player_head",
              "functions": [
                {
                  "function": "set_components",
                  "components": {
                    "minecraft:note_block_sound": "minecraft:entity.fox.ambient",
                    "minecraft:profile": {
                      "properties": [
                        {
                          "name": "textures",
                          "value": "eyJ0ZXh0dXJlcyI6eyJTS0lOIjp7InVybCI6Imh0dHA6Ly90ZXh0dXJlcy5taW5lY3JhZnQubmV0L3RleHR1cmUvNDE0MzYzNzdlYjRjNGI0ZTM5ZmIwZTFlZDg4OTlmYjYxZWUxODE0YTkxNjliOGQwODcyOWVmMDFkYzg1ZDFiYSJ9fX0="
                        }
                      ]
                    },
                    "minecraft:item_name": {
                      "translate": "entity.minecraft.fox"
                    }
                  }
                }
              ],
              "conditions": [
                {
                  "condition": "minecraft:entity_properties",
                  "entity": "this",
                  "predicate": {
                    "components": {
                      "minecraft:fox/variant": "snow"
                    }
                  }
                },
                {
                  "condition": "killed_by_player"
                },
                {
                  "condition": "minecraft:random_chance",
                  "chance": {
                    "type": "minecraft:storage",
                    "storage": "eden:settings",
                    "path": "mob_manager.fox.mobhead"
                  }
                }
              ]
            }
          ]
        }
      ]
    },
        {
      "rolls": 1,
      "entries": [
        {
          "type": "minecraft:item",
          "name": "minecraft:sweet_berries",
          "functions": [
            {
              "add": false,
              "count": {
                "type": "minecraft:uniform",
                "max": 2,
                "min": 1
              },
              "function": "minecraft:set_count"
            },
            {
              "count": {
                "type": "minecraft:uniform",
                "max": 1,
                "min": 0
              },
              "enchantment": "minecraft:looting",
              "function": "minecraft:enchanted_count_increase"
            }
          ]
        }
      ],
      "conditions": [
        {
          "condition": "killed_by_player"
        },
        {
          "condition": "minecraft:random_chance",
          "chance": {
            "type": "minecraft:storage",
            "storage": "eden:settings",
            "path": "mob_manager.mob_drops.foxsweetberries"
          }
        }
      ]
    },
    {
      "rolls": 1,
      "entries": [
        {
          "type": "minecraft:loot_table",
          "value": "minecraft:entities/fox"
        }
      ]
    }
  ]
}