{
  "type": "minecraft:entity",
  "pools": [
    {
      "rolls": 1,
      "entries": [
        {
          "type": "minecraft:alternatives",
          "children": [
            {
              "type": "minecraft:item",
              "name": "minecraft:player_head",
              "functions": [
                {
                  "function": "set_components",
                  "components": {
                    "minecraft:note_block_sound": "minecraft:entity.goat.ambient",
                    "minecraft:profile": {
                      "properties": [
                        {
                          "name": "textures",
                          "value": "eyJ0ZXh0dXJlcyI6eyJTS0lOIjp7InVybCI6Imh0dHA6Ly90ZXh0dXJlcy5taW5lY3JhZnQubmV0L3RleHR1cmUvODc0NzNlMDU1ZGY2ZTdmZDk4NjY0ZTlmZGI2MzY3NWYwODgxMDYzMDVkNzQ0MDI0YTQxYmIzNTg5MThhMTQyYiJ9fX0="
                        }
                      ]
                    },
                    "minecraft:item_name": {
                      "translate": "entity.minecraft.goat"
                    }
                  }
                }
              ],
              "conditions": [
                {
                  "condition": "minecraft:entity_properties",
                  "entity": "this",
                  "predicate": {
                    "nbt": "{IsScreamingGoat:0b}"
                  }
                },
                {
                  "condition": "killed_by_player"
                },
                {
                  "condition": "minecraft:random_chance",
                  "chance": {
                    "type": "minecraft:storage",
                    "storage": "eden:settings",
                    "path": "mob_manager.goat.mobhead"
                  }
                }
              ]
            },
			{
              "type": "minecraft:item",
              "name": "minecraft:player_head",
              "functions": [
                {
                  "function": "set_components",
                  "components": {
                    "minecraft:note_block_sound": "minecraft:entity.goat.screaming.ambient",
                    "minecraft:profile": {
                      "properties": [
                        {
                          "name": "textures",
                          "value": "eyJ0ZXh0dXJlcyI6eyJTS0lOIjp7InVybCI6Imh0dHA6Ly90ZXh0dXJlcy5taW5lY3JhZnQubmV0L3RleHR1cmUvYmRhNDg1YWMyMzUxMjQyMDg5MWE1YWUxZThkZTk4OWYwOTFkODQ4ZDE1YTkwNjhkYTQ3MjBkMzE2ZmM0MzMwZiJ9fX0="
                        }
                      ]
                    },
                    "minecraft:item_name": {
                      "translate": "entity.minecraft.goat"
                    }
                  }
                }
              ],
              "conditions": [
                {
                  "condition": "minecraft:entity_properties",
                  "entity": "this",
                  "predicate": {
                    "nbt": "{IsScreamingGoat:1b}"
                  }
                },
                {
                  "condition": "killed_by_player"
                },
                {
                  "condition": "minecraft:random_chance",
                  "chance": {
                    "type": "minecraft:storage",
                    "storage": "eden:settings",
                    "path": "mob_manager.goat.mobhead"
                  }
                }
              ]
            }
          ]
        }
      ]
    },
    {
      "rolls": 1,
      "entries": [
        {
          "type": "minecraft:item",
          "name": "minecraft:leather",
          "functions": [
            {
              "add": false,
              "count": {
                "type": "minecraft:uniform",
                "max": 2,
                "min": 1
              },
              "function": "minecraft:set_count"
            },
            {
              "count": {
                "type": "minecraft:uniform",
                "max": 1,
                "min": 0
              },
              "enchantment": "minecraft:looting",
              "function": "minecraft:enchanted_count_increase"
            }
          ]
        }
      ],
      "conditions": [
        {
          "condition": "killed_by_player"
        },
        {
          "condition": "minecraft:random_chance",
          "chance": {
            "type": "minecraft:storage",
            "storage": "eden:settings",
            "path": "mob_manager.mob_drops.goatleather"
          }
        }
      ]
    },
    {
      "rolls": 1,
      "entries": [
        {
          "type": "minecraft:loot_table",
          "value": "minecraft:entities/goat"
        }
      ]
    }
  ]
}