{
	"type": "minecraft:entity",
	"pools": [
		{
			"rolls": 1,
			"entries": [
				{
					"type": "item",
					"name": "minecraft:player_head",
					"weight": 10,
					"functions": [
						{
							"function": "set_components",
							"components": {
								"minecraft:note_block_sound": "minecraft:entity.panda.ambient",
								"minecraft:profile": {
									"properties": [
										{
											"name": "textures",
											"value": "eyJ0ZXh0dXJlcyI6eyJTS0lOIjp7InVybCI6Imh0dHA6Ly90ZXh0dXJlcy5taW5lY3JhZnQubmV0L3RleHR1cmUvOTYyYTAyNGU4NzFiZmIyZWI5OTVkYWQyMWU5ZTcwNDg5MDQzZDNjYmM3M2Q3ZmE1NTIwYWViNzY1OTkzMzQ3In19fQ=="
										}
									]
								},
								"minecraft:item_name": {
                  "translate": "entity.minecraft.panda"
                }
							}
						}
					]
				},
				{
					"type": "item",
					"name": "minecraft:player_head",
					"weight": 10,
					"functions": [
						{
							"function": "set_components",
							"components": {
								"minecraft:note_block_sound": "minecraft:entity.panda.ambient",
								"minecraft:profile": {
									"properties": [
										{
											"name": "textures",
											"value": "eyJ0ZXh0dXJlcyI6eyJTS0lOIjp7InVybCI6Imh0dHA6Ly90ZXh0dXJlcy5taW5lY3JhZnQubmV0L3RleHR1cmUvOWZjMTUyNzI0NmZkYTNlODMxMTI1MzQ0MTRiZGJjYzNjMTBmM2JhNWNmMDhlNDdhZjQ4YTE4ZTc2ZWUxNDhmZCJ9fX0="
										}
									]
								},
                	"minecraft:item_name": {
                  "translate": "entity.minecraft.panda"
                }
              }
            }
          ]
        },
				{
					"type": "item",
					"name": "minecraft:player_head",
					"weight": 10,
					"functions": [
						{
							"function": "set_components",
							"components": {
								"minecraft:note_block_sound": "minecraft:entity.panda.ambient",
								"minecraft:profile": {
									"properties": [
										{
											"name": "textures",
											"value": "eyJ0ZXh0dXJlcyI6eyJTS0lOIjp7InVybCI6Imh0dHA6Ly90ZXh0dXJlcy5taW5lY3JhZnQubmV0L3RleHR1cmUvYjRmN2M3M2ZkYTZhMzRjZjhiZTRjNzkwN2RkMGY1ZjA4NjVkZDc3ZmQ4ODJmYzYzMzU2MzY0OWM1NzUxN2NhZSJ9fX0="
										}
									]
								},
                	"minecraft:item_name": {
                  "translate": "entity.minecraft.panda"
                }
              }
            }
          ]
        },
				{
					"type": "item",
					"name": "minecraft:player_head",
					"weight": 10,
					"functions": [
						{
							"function": "set_components",
							"components": {
								"minecraft:note_block_sound": "minecraft:entity.panda.ambient",
								"minecraft:profile": {
									"properties": [
										{
											"name": "textures",
											"value": "eyJ0ZXh0dXJlcyI6eyJTS0lOIjp7InVybCI6Imh0dHA6Ly90ZXh0dXJlcy5taW5lY3JhZnQubmV0L3RleHR1cmUvYmE2ZTNhZDgyM2Y5NmQ0YTgwYTE0NTU2ZDhjOWM3NjMyMTYzYmJkMmE4NzZjMDExOGI0NTg5MjVkODdhNTUxMyJ9fX0="
										}
									]
								},
                	"minecraft:item_name": {
                  "translate": "entity.minecraft.panda"
                }
              }
            }
          ]
        },
				{
					"type": "item",
					"name": "minecraft:player_head",
					"weight": 10,
					"functions": [
						{
							"function": "set_components",
							"components": {
								"minecraft:note_block_sound": "minecraft:entity.panda.worried_ambient",
								"minecraft:profile": {
									"properties": [
										{
											"name": "textures",
											"value": "eyJ0ZXh0dXJlcyI6eyJTS0lOIjp7InVybCI6Imh0dHA6Ly90ZXh0dXJlcy5taW5lY3JhZnQubmV0L3RleHR1cmUvMjI2NjY3MmU0YmE1NGM1YzBiZTU5ZTA0NjFhNmUzMmVhMGE3Y2YxMTVkNzExODY3ZDI5MjJlZTljYTUyMzY5MCJ9fX0="
										}
									]
								},
                	"minecraft:item_name": {
                  "translate": "entity.minecraft.panda"
                }
              }
            }
          ]
        },
				{
					"type": "item",
					"name": "minecraft:player_head",
					"weight": 10,
					"functions": [
						{
							"function": "set_components",
							"components": {
								"minecraft:note_block_sound": "minecraft:entity.panda.sneeze",
								"minecraft:profile": {
									"properties": [
										{
											"name": "textures",
											"value": "eyJ0ZXh0dXJlcyI6eyJTS0lOIjp7InVybCI6Imh0dHA6Ly90ZXh0dXJlcy5taW5lY3JhZnQubmV0L3RleHR1cmUvZDY3MjE5YTQ2ZDM5NTdlMzI5MmI4MWQyZTI4Zjg2YzYzNTAxZWNiNjY3M2FjZTMyNjAzNWI1MjI5YmQ4ZGI0YSJ9fX0="
										}
									]
								},
                	"minecraft:item_name": {
                  "translate": "entity.minecraft.panda"
                }
              }
            }
          ]
        },
				{
					"type": "item",
					"name": "minecraft:player_head",
					"weight": 10,
					"functions": [
						{
							"function": "set_components",
							"components": {
								"minecraft:note_block_sound": "minecraft:entity.panda.aggressive_ambient",
								"minecraft:profile": {
									"properties": [
										{
											"name": "textures",
											"value": "eyJ0ZXh0dXJlcyI6eyJTS0lOIjp7InVybCI6Imh0dHA6Ly90ZXh0dXJlcy5taW5lY3JhZnQubmV0L3RleHR1cmUvNTg4MGUyMzY0OTRlNzEzNWRiOGVjNDVmNjRiYTkyNDljYWRiOTRhNWMxYTdhNTE1N2YzZTAyYjAxYmZkYjBmNiJ9fX0="
										}
									]
								},
                	"minecraft:item_name": {
                  "translate": "entity.minecraft.panda"
                }
              }
            }
          ]
        }
      ],
      "conditions": [
        {
          "condition": "killed_by_player"
        },
        {
          "condition": "minecraft:random_chance",
          "chance": {
            "type": "minecraft:storage",
            "storage": "eden:settings",
            "path": "mob_manager.panda.mobhead"
          }
        }
      ]
    },
    {
      "rolls": 1,
      "entries": [
        {
          "type": "minecraft:loot_table",
          "value": "minecraft:entities/panda"
        }
      ]
    }
  ]
}