{
  "type": "minecraft:entity",
  "pools": [
    {
      "rolls": 1,
      "entries": [
        {
          "type": "minecraft:alternatives",
          "children": [
            {
              "type": "minecraft:item",
              "name": "minecraft:player_head",
              "functions": [
                {
                  "function": "set_components",
                  "components": {
                    "minecraft:note_block_sound": "minecraft:entity.parrot.ambient",
                    "minecraft:profile": {
                      "properties": [
                        {
                          "name": "textures",
                          "value": "eyJ0ZXh0dXJlcyI6eyJTS0lOIjp7InVybCI6Imh0dHA6Ly90ZXh0dXJlcy5taW5lY3JhZnQubmV0L3RleHR1cmUvNWQxYTE2OGJjNzJjYjMxNGY3Yzg2ZmVlZjlkOWJjNzYxMjM2NTI0NGNlNjdmMGExMDRmY2UwNDIwMzQzMGMxZCJ9fX0="
                        }
                      ]
                    },
                    "minecraft:item_name": {
                      "translate": "entity.minecraft.parrot"
                    }
                  }
                }
              ],
              "conditions": [
                {
                  "condition": "minecraft:entity_properties",
                  "entity": "this",
                  "predicate": {
                    "components": {
                      "minecraft:parrot/variant": "red_blue"
                    }
                  }
                },
                {
                  "condition": "killed_by_player"
                },
                {
                  "condition": "minecraft:random_chance",
                  "chance": {
                    "type": "minecraft:storage",
                    "storage": "eden:settings",
                    "path": "mob_manager.parrot.mobhead"
                  }
                }
              ]
            },
			{
              "type": "minecraft:item",
              "name": "minecraft:player_head",
              "functions": [
                {
                  "function": "set_components",
                  "components": {
                    "minecraft:note_block_sound": "minecraft:entity.parrot.ambient",
                    "minecraft:profile": {
                      "properties": [
                        {
                          "name": "textures",
                          "value": "eyJ0ZXh0dXJlcyI6eyJTS0lOIjp7InVybCI6Imh0dHA6Ly90ZXh0dXJlcy5taW5lY3JhZnQubmV0L3RleHR1cmUvYTNjMzQ3MjJhYzY0NDk2YzliODRkMGM1NDAxOWRhYWU2MTg1ZDYwOTQ5OTAxMzNhZDY4MTBlZWEzZDI0MDY3YSJ9fX0="
                        }
                      ]
                    },
                    "minecraft:item_name": {
                      "translate": "entity.minecraft.parrot"
                    }
                  }
                }
              ],
              "conditions": [
                {
                  "condition": "minecraft:entity_properties",
                  "entity": "this",
                  "predicate": {
                    "components": {
                      "minecraft:parrot/variant": "gray"
                    }
                  }
                },
                {
                  "condition": "killed_by_player"
                },
                {
                  "condition": "minecraft:random_chance",
                  "chance": {
                    "type": "minecraft:storage",
                    "storage": "eden:settings",
                    "path": "mob_manager.parrot.mobhead"
                  }
                }
              ]
            },
			{
              "type": "minecraft:item",
              "name": "minecraft:player_head",
              "functions": [
                {
                  "function": "set_components",
                  "components": {
                    "minecraft:note_block_sound": "minecraft:entity.parrot.ambient",
                    "minecraft:profile": {
                      "properties": [
                        {
                          "name": "textures",
                          "value": "eyJ0ZXh0dXJlcyI6eyJTS0lOIjp7InVybCI6Imh0dHA6Ly90ZXh0dXJlcy5taW5lY3JhZnQubmV0L3RleHR1cmUvMjBlMDNiMTBjMTVlZTU2MDE0MjM4NjdkZmI4YmNiY2JjOTE5Y2E5NmMwZWVhNjMwNzNlYzhlNzk1ZWFiZDA1ZiJ9fX0="
                        }
                      ]
                    },
                    "minecraft:item_name": {
                      "translate": "entity.minecraft.parrot"
                    }
                  }
                }
              ],
              "conditions": [
                {
                  "condition": "minecraft:entity_properties",
                  "entity": "this",
                  "predicate": {
                    "components": {
                      "minecraft:parrot/variant": "blue"
                    }
                  }
                },
                {
                  "condition": "killed_by_player"
                },
                {
                  "condition": "minecraft:random_chance",
                  "chance": {
                    "type": "minecraft:storage",
                    "storage": "eden:settings",
                    "path": "mob_manager.parrot.mobhead"
                  }
                }
              ]
            },
			{
              "type": "minecraft:item",
              "name": "minecraft:player_head",
              "functions": [
                {
                  "function": "set_components",
                  "components": {
                    "minecraft:note_block_sound": "minecraft:entity.parrot.ambient",
                    "minecraft:profile": {
                      "properties": [
                        {
                          "name": "textures",
                          "value": "eyJ0ZXh0dXJlcyI6eyJTS0lOIjp7InVybCI6Imh0dHA6Ly90ZXh0dXJlcy5taW5lY3JhZnQubmV0L3RleHR1cmUvNWZjOWEzYjlkNTg3OWMyMTUwOTg0ZGJmZTU4OGNjMmU2MWZiMWRlMWU2MGZkMmE0NjlmNjlkZDRiNmY2YTk5MyJ9fX0="
                        }
                      ]
                    },
                    "minecraft:item_name": {
                      "translate": "entity.minecraft.parrot"
                    }
                  }
                }
              ],
              "conditions": [
                {
                  "condition": "minecraft:entity_properties",
                  "entity": "this",
                  "predicate": {
                    "components": {
                      "minecraft:parrot/variant": "green"
                    }
                  }
                },
                {
                  "condition": "killed_by_player"
                },
                {
                  "condition": "minecraft:random_chance",
                  "chance": {
                    "type": "minecraft:storage",
                    "storage": "eden:settings",
                    "path": "mob_manager.parrot.mobhead"
                  }
                }
              ]
            },
			{
              "type": "minecraft:item",
              "name": "minecraft:player_head",
              "functions": [
                {
                  "function": "set_components",
                  "components": {
                    "minecraft:note_block_sound": "minecraft:entity.parrot.ambient",
                    "minecraft:profile": {
                      "properties": [
                        {
                          "name": "textures",
                          "value": "eyJ0ZXh0dXJlcyI6eyJTS0lOIjp7InVybCI6Imh0dHA6Ly90ZXh0dXJlcy5taW5lY3JhZnQubmV0L3RleHR1cmUvYmM2NDcxZjIzNTQ3YjJkYmRmNjAzNDdlYTEyOGY4ZWIyYmFhNmE3OWIwNDAxNzI0ZjIzYmQ0ZTI1NjRhMmI2MSJ9fX0="
                        }
                      ]
                    },
                    "minecraft:item_name": {
                      "translate": "entity.minecraft.parrot"
                    }
                  }
                }
              ],
              "conditions": [
                {
                  "condition": "minecraft:entity_properties",
                  "entity": "this",
                  "predicate": {
                    "components": {
                      "minecraft:parrot/variant": "yellow_blue"
                    }
                  }
                },
                {
                  "condition": "killed_by_player"
                },
                {
                  "condition": "minecraft:random_chance",
                  "chance": {
                    "type": "minecraft:storage",
                    "storage": "eden:settings",
                    "path": "mob_manager.parrot.mobhead"
                  }
                }
              ]
            }
          ]
        }
      ]
    },
    {
      "rolls": 1,
      "entries": [
        {
          "type": "minecraft:loot_table",
          "value": "minecraft:entities/parrot"
        }
      ]
    }
  ]
}