{
  "type": "minecraft:entity",
  "pools": [
    {
      "rolls": 1,
      "entries": [
        {
          "type": "minecraft:alternatives",
          "children": [
            {
              "type": "minecraft:loot_table",
              "value": "mob_manager:entity/default/sheep/black",
              "conditions": [
                {
                  "condition": "minecraft:entity_properties",
                  "entity": "this",
                  "predicate": {
                    "components": {
                      "minecraft:sheep/color": "black"
                    }
                  }
                }
              ]
            },
            {
              "type": "minecraft:loot_table",
              "value": "mob_manager:entity/default/sheep/blue",
              "conditions": [
                {
                  "condition": "minecraft:entity_properties",
                  "entity": "this",
                  "predicate": {
                    "components": {
                      "minecraft:sheep/color": "blue"
                    }
                  }
                }
              ]
            },
            {
              "type": "minecraft:loot_table",
              "value": "mob_manager:entity/default/sheep/brown",
              "conditions": [
                {
                  "condition": "minecraft:entity_properties",
                  "entity": "this",
                  "predicate": {
                    "components": {
                      "minecraft:sheep/color": "brown"
                    }
                  }
                }
              ]
            },
            {
              "type": "minecraft:loot_table",
              "value": "mob_manager:entity/default/sheep/cyan",
              "conditions": [
                {
                  "condition": "minecraft:entity_properties",
                  "entity": "this",
                  "predicate": {
                    "components": {
                      "minecraft:sheep/color": "cyan"
                    }
                  }
                }
              ]
            },
            {
              "type": "minecraft:loot_table",
              "value": "mob_manager:entity/default/sheep/gray",
              "conditions": [
                {
                  "condition": "minecraft:entity_properties",
                  "entity": "this",
                  "predicate": {
                    "components": {
                      "minecraft:sheep/color": "gray"
                    }
                  }
                }
              ]
            },
            {
              "type": "minecraft:loot_table",
              "value": "mob_manager:entity/default/sheep/green",
              "conditions": [
                {
                  "condition": "minecraft:entity_properties",
                  "entity": "this",
                  "predicate": {
                    "components": {
                      "minecraft:sheep/color": "green"
                    }
                  }
                }
              ]
            },
            {
              "type": "minecraft:loot_table",
              "value": "mob_manager:entity/default/sheep/light_blue",
              "conditions": [
                {
                  "condition": "minecraft:entity_properties",
                  "entity": "this",
                  "predicate": {
                    "components": {
                      "minecraft:sheep/color": "light_blue"
                    }
                  }
                }
              ]
            },
            {
              "type": "minecraft:loot_table",
              "value": "mob_manager:entity/default/sheep/light_gray",
              "conditions": [
                {
                  "condition": "minecraft:entity_properties",
                  "entity": "this",
                  "predicate": {
                    "components": {
                      "minecraft:sheep/color": "light_gray"
                    }
                  }
                }
              ]
            },
            {
              "type": "minecraft:loot_table",
              "value": "mob_manager:entity/default/sheep/lime",
              "conditions": [
                {
                  "condition": "minecraft:entity_properties",
                  "entity": "this",
                  "predicate": {
                    "components": {
                      "minecraft:sheep/color": "lime"
                    }
                  }
                }
              ]
            },
            {
              "type": "minecraft:loot_table",
              "value": "mob_manager:entity/default/sheep/magenta",
              "conditions": [
                {
                  "condition": "minecraft:entity_properties",
                  "entity": "this",
                  "predicate": {
                    "components": {
                      "minecraft:sheep/color": "magenta"
                    }
                  }
                }
              ]
            },
            {
              "type": "minecraft:loot_table",
              "value": "mob_manager:entity/default/sheep/orange",
              "conditions": [
                {
                  "condition": "minecraft:entity_properties",
                  "entity": "this",
                  "predicate": {
                    "components": {
                      "minecraft:sheep/color": "orange"
                    }
                  }
                }
              ]
            },
            {
              "type": "minecraft:loot_table",
              "value": "mob_manager:entity/default/sheep/pink",
              "conditions": [
                {
                  "condition": "minecraft:entity_properties",
                  "entity": "this",
                  "predicate": {
                    "components": {
                      "minecraft:sheep/color": "pink"
                    }
                  }
                }
              ]
            },
            {
              "type": "minecraft:loot_table",
              "value": "mob_manager:entity/default/sheep/purple",
              "conditions": [
                {
                  "condition": "minecraft:entity_properties",
                  "entity": "this",
                  "predicate": {
                    "components": {
                      "minecraft:sheep/color": "purple"
                    }
                  }
                }
              ]
            },
            {
              "type": "minecraft:loot_table",
              "value": "mob_manager:entity/default/sheep/red",
              "conditions": [
                {
                  "condition": "minecraft:entity_properties",
                  "entity": "this",
                  "predicate": {
                    "components": {
                      "minecraft:sheep/color": "red"
                    }
                  }
                }
              ]
            },
            {
              "type": "minecraft:loot_table",
              "value": "mob_manager:entity/default/sheep/white",
              "conditions": [
                {
                  "condition": "minecraft:entity_properties",
                  "entity": "this",
                  "predicate": {
                    "components": {
                      "minecraft:sheep/color": "white"
                    }
                  }
                }
              ]
            },
            {
              "type": "minecraft:loot_table",
              "value": "mob_manager:entity/default/sheep/yellow",
              "conditions": [
                {
                  "condition": "minecraft:entity_properties",
                  "entity": "this",
                  "predicate": {
                    "components": {
                      "minecraft:sheep/color": "yellow"
                    }
                  }
                }
              ]
            }
          ]
        }
      ]
    },
		{
			"rolls": 1,
			"entries": [
				{
					"type": "minecraft:loot_table",
					"value": "minecraft:entities/sheep"
				}
			]
		}
  ]
}