{
	"type": "minecraft:entity",
	"pools": [
		{
			"rolls": 1,
			"entries": [
				{
					"type": "item",
					"name": "minecraft:player_head",
					"weight": 1,
					"functions": [
						{
							"function": "set_components",
							"components": {
								"minecraft:note_block_sound": "minecraft:entity.stray.ambient",
								"minecraft:profile": {
									"properties": [
										{
											"name": "textures",
											"value": "eyJ0ZXh0dXJlcyI6eyJTS0lOIjp7InVybCI6Imh0dHA6Ly90ZXh0dXJlcy5taW5lY3JhZnQubmV0L3RleHR1cmUvNTkyYjU1OTcwODVlMzVkYjUzZDliZGEwMDhjYWU3MmIyZjAwY2Q3ZDRjZDhkYzY5ZmYxNzRhNTViNjg5ZTZlIn19fQ=="
										}
									]
								},
                	"minecraft:item_name": {
                  "translate": "entity.minecraft.stray"
                }
              }
            }
          ]
        }
      ],
      "conditions": [
        {
          "condition": "killed_by_player"
        },
        {
          "condition": "minecraft:random_chance",
          "chance": {
            "type": "minecraft:storage",
            "storage": "eden:settings",
            "path": "mob_manager.stray.mobhead"
          }
        }
      ]
    },
    {
      "rolls": 1,
      "entries": [
        {
          "type": "minecraft:item",
          "name": "minecraft:ice",
          "functions": [
            {
              "count": {
                "type": "minecraft:uniform",
                "max": 1,
                "min": 0
              },
              "enchantment": "minecraft:looting",
              "function": "minecraft:enchanted_count_increase"
            }
          ]
        }
      ],
      "conditions": [
        {
          "condition": "killed_by_player"
        },
        {
          "condition": "minecraft:random_chance",
          "chance": {
            "type": "minecraft:storage",
            "storage": "eden:settings",
            "path": "mob_manager.mob_drops.strayice"
          }
        }
      ]
    },
    {
      "rolls": 1,
      "entries": [
        {
          "type": "minecraft:loot_table",
          "value": "minecraft:entities/stray"
        }
      ]
    }
  ]
}