{
	"type": "minecraft:entity",
	"pools": [
		{
			"rolls": 1,
			"entries": [
				{
					"type": "item",
					"name": "minecraft:player_head",
					"weight": 10,
					"functions": [
						{
							"function": "set_components",
							"components": {
								"minecraft:note_block_sound": "minecraft:entity.vex.ambient",
								"minecraft:profile": {
									"properties": [
										{
											"name": "textures",
											"value": "eyJ0ZXh0dXJlcyI6eyJTS0lOIjp7InVybCI6Imh0dHA6Ly90ZXh0dXJlcy5taW5lY3JhZnQubmV0L3RleHR1cmUvYjk1MzhmMjgzMGM0ZGVhNjk5NmVkNzQ0Nzg1NTA0ZTMyZTBlMjBkODY2M2VkYWI2YjAyMjJmMmMwMjIwNzdiZCJ9fX0="
										}
									]
								},
								"minecraft:item_name": {
                  "translate": "entity.minecraft.vex"
                }
							}
						}
					]
				},
				{
					"type": "item",
					"name": "minecraft:player_head",
					"weight": 2,
					"functions": [
						{
							"function": "set_components",
							"components": {
								"minecraft:note_block_sound": "minecraft:entity.vex.charge",
								"minecraft:profile": {
									"properties": [
										{
											"name": "textures",
											"value": "eyJ0ZXh0dXJlcyI6eyJTS0lOIjp7InVybCI6Imh0dHA6Ly90ZXh0dXJlcy5taW5lY3JhZnQubmV0L3RleHR1cmUvNGE0ZTUxOGUxNmU0YjVjMTE0YWNiZDljNjFjZDE4MjkyZGE5ZWY2MDU1MGE0ZmNhZTI3ZDM5YWUyOTNlNDc3YSJ9fX0="
										}
									]
								},
                	"minecraft:item_name": {
                  "translate": "entity.minecraft.vex"
                }
              }
            }
          ]
        }
      ],
      "conditions": [
        {
          "condition": "killed_by_player"
        },
        {
          "condition": "minecraft:random_chance",
          "chance": {
            "type": "minecraft:storage",
            "storage": "eden:settings",
            "path": "mob_manager.vex.mobhead"
          }
        }
      ]
    },
    {
      "rolls": 1,
      "entries": [
        {
          "type": "minecraft:loot_table",
          "value": "minecraft:entities/vex"
        }
      ]
    }
  ]
}