{
    "type": "minecraft:generic",
    "pools": [
      {
        "rolls": 1,
        "entries": [
          {
            "type": "minecraft:item",
            "name": "minecraft:black_bundle"
          },
          {
            "type": "minecraft:item",
            "name": "minecraft:blue_bundle"
          },
          {
            "type": "minecraft:item",
            "name": "minecraft:brown_bundle"
          },
          {
            "type": "minecraft:item",
            "name": "minecraft:bundle"
          },
          {
            "type": "minecraft:item",
            "name": "minecraft:cyan_bundle"
          },
          {
            "type": "minecraft:item",
            "name": "minecraft:gray_bundle"
          },
          {
            "type": "minecraft:item",
            "name": "minecraft:green_bundle"
          },
          {
            "type": "minecraft:item",
            "name": "minecraft:light_blue_bundle"
          },
          {
            "type": "minecraft:item",
            "name": "minecraft:light_gray_bundle"
          },
          {
            "type": "minecraft:item",
            "name": "minecraft:lime_bundle"
          },
          {
            "type": "minecraft:item",
            "name": "minecraft:magenta_bundle"
          },
          {
            "type": "minecraft:item",
            "name": "minecraft:orange_bundle"
          },
          {
            "type": "minecraft:item",
            "name": "minecraft:pink_bundle"
          },
          {
            "type": "minecraft:item",
            "name": "minecraft:purple_bundle"
          },
          {
            "type": "minecraft:item",
            "name": "minecraft:red_bundle"
          },
          {
            "type": "minecraft:item",
            "name": "minecraft:white_bundle"
          },
          {
            "type": "minecraft:item",
            "name": "minecraft:yellow_bundle"
          }
        ]
      }
    ]
  }
  