{
  "type": "minecraft:generic",
  "pools": [
    {
      "rolls": 1,
      "entries": [
        {
          "type": "minecraft:item",
          "name": "minecraft:book",
          "weight": 5,
          "functions": [
            {
              "function": "minecraft:enchant_with_levels",
              "levels": {
                "min": 20,
                "max": 40
              },
              "options": "#minecraft:treasure"
            }
          ]
        },
        {
          "type": "minecraft:item",
          "name": "minecraft:book",
          "weight": 15,
          "functions": [
            {
              "function": "minecraft:enchant_with_levels",
              "levels": {
                "min": 20,
                "max": 40
              },
              "options": "#minecraft:in_enchanting_table"
            }
          ]
        },
        {
          "type": "minecraft:item",
          "name": "minecraft:book",
          "weight": 30,
          "functions": [
            {
              "function": "minecraft:enchant_with_levels",
              "levels": {
                "min": 20,
                "max": 40
              },
              "options": "#minecraft:on_random_loot"
            }
          ]
        }
      ]
    }
  ]
}