{
    "type": "minecraft:generic",
    "pools": [
      {
        "rolls": 1,
        "entries": [
          {
            "type": "minecraft:item",
            "name": "minecraft:turtle_helmet",
            "weight": 15,
            "functions": [
              {
                "function": "minecraft:enchant_with_levels",
                "levels": {
                  "min": 20,
                  "max": 40
                },
                "options": "#minecraft:on_random_loot"
              }
            ]
          },
          {
            "type": "minecraft:loot_table",
            "value": "mob_manager:entity/rarity_mob/equipment/chainmail",
            "weight": 20
          },
          {
            "type": "minecraft:loot_table",
            "value": "mob_manager:entity/rarity_mob/equipment/diamond",
            "weight": 10
          },
          {
            "type": "minecraft:loot_table",
            "value": "mob_manager:entity/rarity_mob/equipment/golden",
            "weight": 30
          },
          {
            "type": "minecraft:loot_table",
            "value": "mob_manager:entity/rarity_mob/equipment/iron",
            "weight": 35
          },
          {
            "type": "minecraft:loot_table",
            "value": "mob_manager:entity/rarity_mob/equipment/copper",
            "weight": 35
          }
        ]
      }
    ]
  }
  