{
  "type": "minecraft:entity",
  "pools": [
    {
      "rolls": {
        "min": 1,
        "max": 3
      },
      "entries": [
        {
          "type": "minecraft:tag",
          "name": "mob_manager:valuables",
          "expand": true,
          "functions": [
            {
              "function": "minecraft:enchanted_count_increase",
              "count": {
                "type": "minecraft:uniform",
                "min": 0,
                "max": 3
              },
              "enchantment": "minecraft:looting"
            }
          ]
        }
      ]
    }
  ]
}