{
  "type": "minecraft:equipment",
  "pools": [
    {
      "rolls": 1,
      "entries": [
        {
          "type": "minecraft:item",
          "name": "minecraft:leather_helmet",
          "weight": 50
        },
        {
          "type": "minecraft:item",
          "name": "minecraft:iron_helmet",
          "weight": 25
        },
        {
          "type": "minecraft:item",
          "name": "minecraft:copper_helmet",
          "weight": 25
        },
        {
          "type": "minecraft:item",
          "name": "minecraft:golden_helmet",
          "weight": 15
        },
        {
          "type": "minecraft:item",
          "name": "minecraft:diamond_helmet",
          "weight": 13
        },
        {
          "type": "minecraft:item",
          "name": "minecraft:chainmail_helmet",
          "weight": 5
        },
        {
          "type": "minecraft:item",
          "name": "minecraft:turtle_helmet",
          "weight": 5
        },
        {
          "type": "minecraft:item",
          "name": "minecraft:netherite_helmet",
          "weight": 2
        }
      ]
    }
  ]
}