{
  "type": "minecraft:equipment",
  "pools": [
    {
      "rolls": 1,
      "entries": [
        {
          "type": "minecraft:item",
          "name": "minecraft:leather_leggings",
          "weight": 50
        },
        {
          "type": "minecraft:item",
          "name": "minecraft:iron_leggings",
          "weight": 25
        },
        {
          "type": "minecraft:item",
          "name": "minecraft:copper_leggings",
          "weight": 25
        },
        {
          "type": "minecraft:item",
          "name": "minecraft:golden_leggings",
          "weight": 15
        },
        {
          "type": "minecraft:item",
          "name": "minecraft:diamond_leggings",
          "weight": 13
        },
        {
          "type": "minecraft:item",
          "name": "minecraft:chainmail_leggings",
          "weight": 5
        },
        {
          "type": "minecraft:item",
          "name": "minecraft:netherite_leggings",
          "weight": 2
        }
      ]
    }
  ]
}