{
  "type": "minecraft:equipment",
  "pools": [
    {
      "rolls": 1,
      "entries": [
        {
          "type": "minecraft:item",
          "name": "minecraft:shield",
          "weight": 50
        },
        {
          "type": "minecraft:item",
          "name": "minecraft:totem_of_undying",
          "weight": 15
        },
         {
              "type": "minecraft:item",
              "name": "minecraft:wooden_sword",
              "weight": 30
            },
            {
              "type": "minecraft:item",
              "name": "minecraft:wooden_axe",
              "weight": 30
            },
            {
              "type": "minecraft:item",
              "name": "minecraft:stone_sword",
              "weight": 25
            },
            {
              "type": "minecraft:item",
              "name": "minecraft:stone_axe",
              "weight": 25
            },
            {
              "type": "minecraft:item",
              "name": "minecraft:iron_sword",
              "weight": 15
            },
            {
              "type": "minecraft:item",
              "name": "minecraft:iron_axe",
              "weight": 15
            },
            {
              "type": "minecraft:item",
              "name": "minecraft:copper_sword",
              "weight": 15
            },
            {
              "type": "minecraft:item",
              "name": "minecraft:copper_axe",
              "weight": 15
            },
            {
              "type": "minecraft:item",
              "name": "minecraft:golden_sword",
              "weight": 15
            },
            {
              "type": "minecraft:item",
              "name": "minecraft:golden_axe",
              "weight": 15
            },
            {
              "type": "minecraft:item",
              "name": "minecraft:diamond_sword",
              "weight": 5
            },
            {
              "type": "minecraft:item",
              "name": "minecraft:diamond_axe",
              "weight": 5
            },
            {
              "type": "minecraft:item",
              "name": "minecraft:netherite_sword",
              "weight": 3
            },
            {
              "type": "minecraft:item",
              "name": "minecraft:netherite_axe",
              "weight": 3
            },
            {
              "type": "minecraft:item",
              "name": "minecraft:mace",
              "weight": 2
            },
            {
              "type": "minecraft:item",
              "name": "minecraft:trident",
              "weight": 2
            },
            {
              "type": "minecraft:item",
              "name": "minecraft:bow",
              "weight": 10
            },
            {
              "type": "minecraft:item",
              "name": "minecraft:crossbow",
              "weight": 10
            }
      ]
    }
  ]
}