{
  "type": "minecraft:entity",
  "pools": [
    {
      "rolls": 1,
      "entries": [
        {
          "type": "item",
          "name": "minecraft:player_head",
          "weight": 1,
          "functions": [
            {
              "function": "set_components",
              "components": {
                "minecraft:note_block_sound": "minecraft:entity.sheep.ambient",
                "minecraft:profile": {
                  "properties": [
                    {
                      "name": "textures",
                      "value": "eyJ0ZXh0dXJlcyI6eyJTS0lOIjp7InVybCI6Imh0dHA6Ly90ZXh0dXJlcy5taW5lY3JhZnQubmV0L3RleHR1cmUvOTRiMjhmMDM1NzM1OTA2ZjgyZmZjNGRiYTk5YzlmMGI1NTI0MGU0MjZjZDFjNTI1YTlhYTc3MTgwZWVjNDkzNCJ9fX0="
                    }
                  ]
                },
                "minecraft:item_name": {
                  "translate": "entity.minecraft.sheep"
                }
              }
            }
          ]
        }
      ],
      "conditions": [
        {
          "condition": "killed_by_player"
        },
        {
          "condition": "minecraft:random_chance",
          "chance": {
            "type": "minecraft:storage",
            "storage": "eden:settings",
            "path": "mob_manager.sheep.mobhead"
          }
        },
        {
          "condition": "minecraft:entity_properties",
          "entity": "this",
          "predicate": {
            "components": {
              "minecraft:sheep/color": "yellow"
            }
          }
        }
      ]
    }
  ]
}