{
  "criteria": {
    "requirement": {
      "trigger": "minecraft:player_interacted_with_entity",
      "conditions": {
        "entity": [
          {
            "condition": "minecraft:entity_properties",
            "entity": "this",
            "predicate": {
              "type": "minecraft:villager",
              "components": {
                "minecraft:villager/variant": "minecraft:swamp"
              }
            }
          }
        ]
      }
    }
  },
  "rewards": {
    "function": "mob_manager:villager/talking/trigger/swamp"
  }
}